text,class
නැති බැරි කම් අග හිග කම් මැද ජීවත් වෙනවට වඩා හොදයි මියදුනා නම් දෙයියනේ  ,1
ඔබ සැමට සුභ දවසක් වේවා!,0
හැමදේම අත හැර ගියා නම් හරි වගේ ,1
රෑට දිලිසෙන ලුමිනස් පාට තරු ටිකක් කාමරේ ඇලෙව්වා ඊයෙ රෑ.. තරු පිරි අහසක නිදාගන්න හැඟීමක් ආවෙ.. ,0
මට මානසික ගැටලුවක් තියෙනවා. කතාකරන්න පුලුවන් කෙනෙක් ඉන්නවද,1
මගෙත් තියෙනවා.. ඒක මරු නෙහ්..,0
ඔව් කොච්චර හොද කරත් හොදක් දකින් නෑ.අනිත් අය අරම කරා මෙහෙම කරා කියනවා.මට පුලුවන් විදියට කරත් මගේම පවුලෙ අයගෙන් කිසිම හොදක් අහන්න ලැබෙන් නෑ  ,0
අනේ ඒකට ඕනේ උත්සහය නෑ.. නැගිටින්න නැගිටින්න තව පහලටම වැටෙනවා නම්,0
හැමවෙලාවෙම මට කවුරුත් නෑ මම තනි වෙලා කියල හිතෙන්නෙ ඇයි,1
මේ හිතෙ එල්ලිලා පෙරදා ඇවිදින් මා ළයේ නැවතිලා,0
කොවිඩ් දේහ සම්බන්ධයෙන් විද්වත් කමිටු දෙකක් නෑ,0
හැමෝටම මම විතරක් වැරදිකාරයා වෙනවා හැමදාම.කොච්චර දේවල් කරත් කවුරුත් හොදක් දකින් නෑ.එතකොට හිතෙනවා කවුරුත් නැද්ද කියලා අපිව තේරුම් ගන්න පුලුවන් ,1
"හැම වෙලේම තනිවෙලා කවුරුත් නෑ, තමන්ට කවුරුත් කැමති නෑ කියා හිතෙනව",1
"ඔය බුද්ධාගම ගැන ලොකු ටෝක් දාන කට්ටිය ඉන්නවා, ලොකු ඉස්කෝලවලට ලමයී දාගන්න ලමයී බෞතීස්ම කරලා පල්ලි යවන.",0
නින්ද සාමාන්‍ය දිනවලට වඩා අඩු,1
රෑ මැද නින්දෙන් ඇහැරී නින්ද නොයනවා,1
එයාලට කැමති තැනක කැමති විදියකට යන්න පුලුවන්. අපිට හෙනගැහුනත් කමක් නැහැ. ,0
"තනියම, අඳුරේ, ඇඳේ ඉන්න හිතෙනවා",1
වෙනදා සතුටු වූ දේවලින් අද සතුටක් නැ,1
කොච්චර ක්‍රීම් උලාගෙන හිටියත් මුලින්ම මුහුණ බැලෙන්නෙ නෑ ,0
මූණෙ කුරුලෑ එනවට බෙහෙත් බොන කොල්ලොත් ඉන්නව  කියල මම අද දැනගත්තෙ,0
ශරීරයට උද්‍යෝගී බව නැ,1
"පිරිසිදු වීමට, ඉන්න තැන පිරිසිදු කර ගැනීමට කම්මැලි",1
හායි ... ඔයාලා මොකද කරන්නෙ??,0
සුභ දවසක් වේවා..,0
පුතා ඔහොම හිතනව නම් මම හිතන්න ඕන කොහොමද?අපි හැමෝම තනිවෙලා පුතේ...කොයිතරම් ලිව්වත් ඉවර කරන්න බැරි ප්‍රශ්න ගොඩක් මැද්දෙ...,1
මිනිස්සු ආවත් එලියටවත් යන්න කැමති නැ..ගෙදර ටිකක් හය්යෙන් සද්දෙ ඇහුනත් තරහ යනව.. වෙලාවකට ඔලුවට කොට්ටෙ තද කරගන්නව හය්යෙන්.. සද්දෙ හය්යෙන් ඇහෙනකොට... තනියම සද්දයක්වත් නැති තැන් වලට වෙලා ඉන්න හිතෙනවා .. වෙලාවකට වත්ත පහලට ගිහින් තනියම ඉන්නව...,1
තනිවයි උපන්නේ තනිවයි මැරෙන්නේ,1
ගොඩක් අය කෙනෙක්ව හීරීමක්වත් නොවෙන්ඩ පරිස්සමට බලාගන්නේ බිල්ලකට ගන්න.,0
ජීවිතේ ලගින්ම හිටිය අය වෙනස් උනාම එහෙම දැනෙනවා ,0
 මටත් යාලුවො නෑ එච්චර.මට SAD තියෙනව ඒවගේම..මම සමරිසි තරුණයෙක්..මම ආදරේ කරපු කෙනාගෙන් ප්‍රතික්ෂේප වුන කලෙ ගොඩක් දැනුන ..දැනුත් එහෙමයි..එත් දැන් පුරුදුයි..හැමෝටම ජීවතේ තනිකම විඳින්න වෙනව..ඇත්තටම ..මෙ ලොකෙට ආවෙ තනියෙන් යන්න වෙන්නෙත් තනියෙන් .ඒකනිසා තනිකමට හුරු වෙන එක හොඳයි..,1
"තනියම මැරෙන එක නෙවෙයි අමාරු,, තනියම ජීවත් වෙන එක",1
"හිතන දේවල්ම වෙන්නෙ නැති ,",0
තුන් හිතකින්වත් අපි නොහිතන  අකමැති ම දේවල් එක්ක අපිට හැප්පෙන්න වෙන එක තමයි ජීවිතේ කියන්නෙ...,0
"දෙමාපියො නැති උනාට පස්සෙ... සහෝදර සහෝදරියො බැඳල වෙන උනාම, අවු, 30, 35, වෙද්දිත් කසාදයක් බැඳගන්න බැරි උනාම මාර අසරණ කමක් දැනෙන්න ගත්ත.... ",1
මම කොන් වෙලා කවුරුත් මට කැමති නෑ,1
මට මැරෙන්න හිතුනා,1
උදව් කරන්න....මට රෝග බියක් ඇතිවෙලා තියෙනවා මේ ලගදි ඉදලා..,1
ආදරයේදී මගේ අවවාදය කවදාවත් බොක්කෙන් කරන්න එපා..හොක්කෙන් යන්න වෙන්නෙ ,0
ඉතින් රිජෙක්ට් වෙන එක ලොකු මානසික පීඩනයක්,1
පොදු 2 කොටස පටන් ගන්නවලු පෙබරවාරියේ...,0
මම ප්‍රියමනාප නෑ මම වටින්නේ නෑ කියන ගැගීම මට වද දෙනවා හිතට..මොන තරම් දේ කලත් අගයක් නෑ..වරදක් නොකලත් වරදකාරි හැගීම දැනෙන්න ගත්ත,1
කොච්චර හිත හයි කරගන්න හැදුවත් බාහිර සමාජේ බලපෑම නිසා හිත දුර්වල වෙලා ලොකු කලකිරීමක් දුකක් ඇත් වෙනවා ,1
 බොරුද දන්නෙනෑ......,0
රැට නින්ද යන් නෑ...කන්න හිතෙන් නෑ...කිසි සතුටක් නෑ..කේන්ති යනවා...උග්‍ර උනොත් නිකන් මැරෙන්න වගේ හිතෙනවා.....තමන්ටම hurt කරගන්න හිතෙනවා... ඕවා තමයි..මමත් බෙහෙත් ගන්නවා...,1
ආදිව හම්බෙන්න ඕනී.... මන් එයාට කැමතී...,0
එයා එක්ක ඉන්න ගොඩක් අමාරුයි. හැමවෙලේම මටයි අම්මාටයි බනිනවා. මට ජීවිතේ ගොඩක් කලකිරිලා තියෙන්නෙ. ඉවසලා ඉවසලා තවත් ඉවසන්න බැරිවයි ඉන්නෙ. හැමදේම අතැර්ලා දාලා යන්න හිතෙනවා. මම මේක මානසිකව ගොඩක් විදවනවා,1
ආදරය හීනයක්මයි කවදාවත් සැබෑ නොවෙන,0
ලොකු  මානසික  පීඩනයක  ඉන්නෙ  දවසම අඩනව .තරහ ගන්නව කිසිම වැඩක් කරන්න හිතෙන්නෑ පාඩම් වැඩත් මග නතර වෙලා මට මනස එක තැනකට ගන්ගම  අමාරුයි  ,1
මට බයක් දැනෙනව තනිවෙලා  කියල හිතෙනව .ප්‍රතික්ෂේප වෙලා වගේ  දැනෙනව  එයා බොරුවක් කරනව කියලම හිතෙනව. මම රැවටුනා වගේ  අදහසක්  එනව,1
මට මගේ අතීතය අමතක කරන්නකරන්න ඕන ,0
Office එකේ යාළුවෙක් නැති වෙලා අද වකුගඩුවලට විෂබීජයක් ගිහින් ...නිවන්සුව නංගියෝ ... ,0
එක එක සිදුවීම් මතක් වෙනකොට මගේ හිතට දුකක් දැනෙනවා,0
සැන්ඩි...අභිශේකගේ සීමා නෑ ඕනේ... ,0
මට පාඩම් වැඩ ටික කරන එකත් එපා වෙලා තියෙන්නේ,1
මටත් වැරදුනා ... මමත් පැරදුනා ...තේරුම් ගන්නට බැරි හදවතකට.,0
ගැලපෙන අය හමුවෙනවා..ඒක ලොවේ සොබාව ,0
විවාහය එපා වෙලා ඉන්නේ ගොඩාක් හේතු නිසා,1
ආයෙත් ලියන්න හිතෙනවා...ආයේ ලිව්වොත් ලියවේවි,0
අමිත් අයියා බැන්නා එහෙනම් කොල්ලෝ අපි ගියා ,0
මට ගෙදර අයත් එක්ක කිසිම හේතුවක් නැතුව තරහ යනවා එයලා කතා කරන සද්දෙ ඇහුනත් මට ගොඩක් තරහා යනවා,1
මට ගොඩක් තරහා යනවා ,1
සතුටින් සිටීමේ රහස,0
විරාග රාගය අතරේ තනි වූ ආලය විරාම දෙයි එක් හදකට උදා පරාජය,0
මං අද සතුටින් ඉන්නේ,0
මේක දකින හැමෝමත් සතුටින්ම ඉන්න,0
රෑට නින්ද යන්නෙත් නැ නින්ද ගියත් පොඩි වෙලාවකින් ඇහැරෙනවා ඇඟට අපහසුවක් වගේ දැනෙනවා,1
ගෙදර අයත් එක්ක කතා කරන්නෙ නැ හරියට මම ගොඩක් වෙලාවට කාමරේට වෙලාම ඉන්නෙ,1
සිරවෙලා නැවතිලා නැතිනම් සීමාවක...නිදහසේ ඉගිලිලා යමු එක රෑනක...,0
නිතරම අඬන්න හිතෙනවා දුක හිතෙනවා ,1
හිත ගිය අයට කෙල්ලො හිටියා...ඒ කෙල්ලන්ට කොල්ලො හිටියා,0
මට කවුරුත් නැ කියලා හිතෙනවා වෙලාවකට තනියම නිකන්ම ඇඬෙනවා ,1
ඔක්කොම හොඳයි. සමහර ඉස්සර සින්දු ආයේ ඇහෙනකොට ඇවිස්සෙන මතක තමයි ප්‍රශ්නේ,0
ගෙදර අයත් වෙනස්කම් කරනවා කියලා හිතෙනවා නිතරම ,1
මට හිතේ දුක තියනකොට ඔලුව රිදෙනවා නිතරම ,1
"හැමදාම පාන්දර 2,3 වෙනකන් බලන් ඉන්න බෑ. අනික අද සෙල්ලම් කරන්නත් ගිය නිසා හරි මහන්සි... මන් නිදාගන්නවා. එයා මේ ට්වීට් එක කියවයි නේ. ගුඩ් නයිට් ඒයි..",0
වෙලාවකට මොකක්ද කරන්නෙ කියලවත් තේරෙන්නෙ නැ ,1
"වැදුනා වැදිල්ලක් කොමද දන්නවද වකුගඩු ඇඹරිලා,උංඩකපුච්චේ ඇඹරිලා,බඩ කැවුතු එලියට පයින්ඩ",0
හිත ගොඩක් නොසන්සුන් ඇඟට පණ නැ වගේ නිතරම මහන්සි ,1
අම්ම අහනව පිස්සුද කියලා තනියම හිනා වෙවී නටන්නෙ කියලා,0
මොනවත් කරන්න හිතෙන්නෙ නැ,1
නැටවෙනවා දැන් නම්,0
"මට කා එක්ක හරි කතා කරද්දී කොහොමද කතා කරන්නේ, අහන දෙට පිළිතුරු දෙන්නේ කොහොමද වගේ දේවල් තේරෙන්නේ නෑ",0
මම මගේ අරමුණු වලට යද්දි මාව කඩන් වැටෙනවා මට නිතරම මතක් වෙනවා මම දුර්වලයි කියලා,1
"කවදාවත් එහෙම හිතන්නෙපා, ඒකම බලයක් කර ගන්න. ඔබට පුලුවනි",0
මමත් කැමති ගොඩක් තනියම ඉන්න ,0
සුදුසුකම් තිබිලත් රැකියා වලට කොච්චර ඇප්ලයි කරත් මට ලැබෙන්නෙත් නෑ. දැන් වයස 29ක් වෙනවා. මේ ගැන මං ලොකු මානසික පීඩනයක ඉන්නෙ,1
වෙලාවකට ජීවිතය නැතිකරගන්න තරම් හිතෙනවා. ඇත්තටම මට මීට අවුරුද්දකට කලින් හිටපු තත්වෙට ආයෙ එන්න ඕනෙ,1
නිතරම නිදා ගන්න..කම්මැලි ගතිය.. පාඩම් කිරීමට අලස ගතිය... කල් දැමීම..,0
"තමන්ගේ අසුචී, මලපහ වැනී දේ වලට ඇතී බය, කුතුහලය, දුක්වීම, දවසට 3 පාරක් විතර ස්නානය කරන",1
කුඩා කල පටන් මට පිරිසක් ඉදිරියේ කතාකරන්න  ගියාම හුගක් බය හිතෙනවා,0
ජොබ් interview එකකට මුහුණ දෙන්නවත් මට ශක්තියක් නෑ,0
කෙනෙක් එක්ක කතා කරන්න ඕනි විදිය දන්නෑ කියන්න අහන්න දේවල් එන්නැතුව හිරවෙලා ,0
"තමන් ආදරේ කරන කෙනා වෙන කොල්ලෙක් එක්ක කතා කරද්දී , යාලුකම් තියාගද්දි තරහ යන්නෙ ඇයි",0
ඒයා නැතුව ඉන්න බෑ,0
මට දරාගන්න බැරි ලොකු දුකක් දැනුනාම ඇඟ ගොඩාක් වෙව්ලනවා,0
හැමවෙලාවෙම මට කවුරුත් නෑ මම තනි වෙලා,1
මං කවුරුහරි එක්ක කතා කරද්දී කලබලෙං වගේ කතා කරන්නේ,0
මම ප්‍රියමනාප නෑ මම වටින්නේ නෑ කියන ගැගීම මට වද දෙනවා ,1
කොච්චර හිත හයි කරගන්න හැදුවත් බාහිර සමාජේ බලපෑම නිසා හිත දුර්වල වෙලා ලොකු කලකිරීමක් දුකක් ඇත් වෙනවා,1
කවදා හරි එයිද නැදද් දන් නැ එත් එ දවස එනකම් බලන් ඉන්නවා,0
මම කතා කරනකොට වචන ගොත ගැහෙනවා,0
රැට නින්ද යන් නෑ...කන්න හිතෙන් නෑ...කිසි සතුටක් නෑ..කේන්ති යනවා...නිකන් මැරෙන්න වගේ හිතෙනවා,1
පවුලේ ප්‍රශ්න නිසා මානසිකව වැටිලා ඉන්නෙ,1
ගෙදර ඉදලා ඇති වෙලා තීන්නෙ.වෙලාවකට හැමදාම එපා වෙනවා.මැරෙන්න තරම් හිතෙනවා,1
හැමදේම අතැරලා දාලා රටකට යන්න හිතෙන්වා,1
එක එක සිදුවීම් මතක් වෙනකොට මගේ හිතට දුකක් දැනෙනවා..එතනින් එහාට කිසිම වැඩක් මට කරගෙන යන්න හිතෙන්නේ නෑ,1
විවාහය එපා වෙලා ඉන්නේ ගොඩාක් හේතු නිසා,1
මට ගෙදර අයත් එක්ක කිසිම හේතුවක් නැතුව තරහ යනවා එයලා කතා කරන සද්දෙ ඇහුනත් මට ගොඩක් තරහා යනවා,1
නිතරම අඬන්න හිතෙනවා දුක හිතෙනවා මට කවුරුත් නැ කියලා හිතෙනවා වෙලාවකට තනියම නිකන්ම ඇඬෙනවා,1
ඔලුව රිදෙනවා නිතරම වෙලාවකට මොකක්ද කරන්නෙ කියලවත් තේරෙන්නෙ නැ හිත ගොඩක් නොසන්සුන් ඇඟට පණ නැ වගේ නිතරම,1
මම කා ලග හරි ඉස්සර ඉදන් මගේ අත්සන ගහද්දී හරි ලියද්දී හරි මගේ අත වෙව්ලනවා,0
පිරිසක් ඉද්දී 4න් එකෙන් 4ටෝ ගහන්න ගියත් අත වෙව්ලනවා,0
කවුරැත් බලන් ඉන්නකොට මටත් ලියන්න බැ අකුරු අමතක වෙිනවා,0
මන් කෙනෙක්ට ආදරේ කලා. ඒත් එයා දැන් වෙන කෙනෙක් marry කරලා ඉන්නේ. මට ඒ දේ හින්දා depression වගේ. එයාගේ photo එහෙම දකිද්දී මට මැරෙන්න තරම් තරහයි,1
මට රෝග බියක් ඇතිවෙලා තියෙනවා මේ ලගදි ඉදලා..මට දැනට සති දෙකකට කලින් පොඩි සැත්කමක් කලා....මන් එකට හොදටම බය උනා,0
පපුව පිච්චෙන්න ගත්තා බයේ ඒක මාරම අමාරුයි දරාගන්න ...කලන්තෙට අල්ලනවා වමනෙට වගේ කන්නත් බැ......මට මැරෙන්න හිතුනා,1
මම ලොන් දෙකක් අරගෙන බයෙන් ඉන්නේ ගෙවාගන්න බැරි වෙයි කියලා.,0
වැඩ තිබුනත් ඒ එකක්වත් නොකර කල්පනා කර කර ඉන්නමයි හිතෙන්නේ,0
මට තද මානසික පිඩනයක් ඇවිල්ල... මන් පොඩි opration එකකට බය උනා හොදටම.ඇග සිතල වෙලා.කන්න බැරිව ගියා,1
මට නින්ද යන්නෙ නැ..නින්ද යාගෙන එනකොට ඔළුව ඇතුලෙන් ගැහිල නැගිටෙනවා,1
අපි විවාහ වෙලා දැනට අවුරුදු දෙකක් අවුරුදු දෙකක් යනකේට මට විවාහය එපාවුනා,1
මට ස්ථානෝචිත ප්රඥාව අඩුයි ගොඩක්.ඒ නිසා මං ගොඩක් අනිත් අය ඉස්සරහ හෑල්ලු වෙලා තියෙනව,0
මම් ඉක්මනට කලබල වෙනව කේන්ති ගන්න්ව.මොනව හරි කරන්න ගියම බය වෙනව..කර ගන්න පුලුවන් උනත් බය නිස කර ගන්න බැරි වෙන්ව,1
මම් තනිවෙන්න බයයි..අදරෙ කරන අය නැති වෙන්වට බයයි..මට ඒක දරා ගන්න බෑ..පිට ගිහින් තනියම නැවතිලා වැඩ කරන්න බෑ..නින්ද යන්නෙ නෑ..,1
"මගේ හිතේ ලොකු බයක් proposal වලට තියෙනව,රෑට හීනෙන් බය වෙනව ඒ වගේ දේවල් දැකල",1
පිට පිරිමියෙක් විස්වාස කරන්න බැරි මාන්සික ප්‍රශ්නයක් තියෙනව,1
මගේ හිත හරිම නොසන්සුන් .ඕනිවට වඩා හිතලා මං කොයි වෙලේක හරි නහරයක් පුපුරලා මැරිලා යයි කියලා හිතෙනවා,1
ප්‍රශ්නයකට මූණ දෙන්න අමාරුයි අභියෝග වලට බයයි මං ,1
මට පොඩි කාලේ ඉඳලම ජිවිතෙන් පැනලා යන්න හිතෙනවා. පැනලා ගිහින් කොහේ හරි හැංගෙන්න වගේ හැඟීමක් දැනෙනවා,1
උස තැන් දැක්කහම නගින්න ගියොත් ඇග වෙව්ලනවා දාඩිය දාලා කකුල් පන නැති වෙනවා හිරි වැටෙනවා,0
පෞද්ගලික ගැටලු කීපයක් නිසා මං ගොඩක් මානසිකව වැටිලා ඉන්නේ මේ දවස්වල. ජීවිතය නැතිකර ගන්න පවා හිතෙනවා ,1
මම සමහර පුශ්ෂවලිදි අධික කෙන්ති යනවා. ගොඩක්  හිතනවා . මනසික වැටෙනවා මම නිතරම.,1
"""මං හිතන්නේ මට Depression"" මට මැරෙන්න හිතෙනවා",1
මාත් පොඩි කාලේ ඉදන් නියපොතු හපනවා. තාම මට ඒක නවත්ත ගන්න බැරි උනා.,0
මම මෙ වෙලාවෙ කියන්න බැරි තරම් දුකකින් ඉන්නෙ..පුලුවන් නම් මම ඉන්න තත්වෙ තේරුම් අරගෙන මට උදව් කරන්න,1
මට ඉක්මනට දුක හිතෙනව ඉක්මනට කේන්ති යනව ඉක්ම්නට ඇඩෙනව.,1
මම කොහොමද ජීවත් වෙන්නෙ එයාව මතක් වෙවි..මට එයාව හොයන් යන්න හිතෙනව.මම මොකද කරන්නෙ මට ජීවත් වෙන්න බැ මෙ විදියට,1
 විශාදය රොගය නිසා ජිවිතය එපා වෙලා කලකිරිලා ආදරය හිතෙන්නෙ නැහැ දැනෙන්නේ නැහැ,1
මට ගැටලුවක් ආවම මානසිකව ලොකු පීඩනයකට පත් වෙනවා .මම ගොඩක් අඬනව .දුක් වෙනවා,0
දුරකථනය භාවිතය අවම කරගන්න කරන්න ඕන ,0
මට  ටිකක් මහත් වෙන්න ඕන. මම ගොඩක්මානසික වැටිලා ඉන්නේ මේ කෙට්ටු බව නිසා වෙලාවකට මට එපා වෙනවා,0
 මට සමාජ භීතිකාව කියන රෝගය තියෙනවා,0
"ටිකක් තේරෙන කාලයේදි මම සමලිංගික කෙනෙක් කියල තේරුම් ගත්තා.මුල් කාලයේදි මම මාවම ප්‍රතිශේප කරත්,පසුකාලීනව මම මාවම පිලිගත්තා0",0
අරක්කු බීලා වෙරිවෙන එක මට ආතල් එකක්,0
 මං බෝවෙන ලෙඩ වලට බයයි,0
බැදීම් නැති ජීවිතයත් මහ එපා වෙනව හැම දෙයක්ම,0
ඔව් මම පිස්සෙක්,1
හැමදේම එපා වෙලා වගේ හිතෙන්නෙ ඇයි...කිසිදෙයක් කරන්න හිතෙන්නේ නැ,0
මට හරියට මුකුත් කර ගන්න බැරි උනාම හිතට පුදුම තරහක් එන්නේ...ඒ වෙලාවට මං මටම තුවාල කර ගන්නවා,1
මං අදික ලෙස කුඩුවලට ඇබ්බැහි වෙලා ඉන්නේ.මට මේක නවත්ත ගන්න බෑ..මැරෙන්න හිතිල තියෙන්නේ,1
කොරෝනා නිසා මගේ සියලුම වැඩ පස්සට ගිහින් තියෙන්නේ,0
කොරෝනා නිසා මගේ ආර්තිකේ හොදටම වැටිල..ජීවත් වෙන්න ක්‍රමයක් නෑ .මැරෙන්න වෙන්නෙ මෙහෙම ගියොත්,1
ආදරයක් නිසා ජීවිතේ එපා වෙලා ඉන්නේ,1
මගේ ජීවිතේ අනාගතේ ගැන තිබ්බ බලාපොරොත්තු ඔක්කොම සුන්වෙලා ගියා,0
මට හිත එක අරමුණක තියා ගන්න බෑ,0
මට දුර ගමනක් යනකොට වමනෙ යනවා..ඒක මට මහ වදයක්,0
මගේ හිත ගොඩක් කලබලයි,0
ඇදට වැටුන ගමන් නින්ද යනවා.. මට පාලනේ කරන්න බෑ.. මට නිදිමත එනවා ගොඩක්,0
"හිත මං කරන වැඩෙට් යොමු වෙන්නේම නැ නේ ,මං කොයි වෙලෙත් ඉන්නේ මනෝ ලොක වලමයි",0
ලොකු  මානසික  පීඩනයක  ඉන්නෙ  දවසම අඩනව .තරහ ගන්නව කිසිම වැඩක් කරන්න හිතෙන්නෑ පාඩම් වැඩත් මග නතර වෙලා,1
මගේ  දවසේ  වැඩ  කිසිම දෙයක් කරන්න හිත දෙන්නෑ ඒ  සිද්දියම මතක් වෙනව සහ මට  වේදනාවත්  සමග කේනතියක්  එනව ,1
එයා ගියාට පස්සෙ. මට මැරන්න හිතුනා,1
නින්ද යන්නේ නෑ වහල උඩට නැගල හූ කියන්න හිතෙනවා,1
සාමාන්‍ය ජීවිතය ගෙවන අයෙක් තනිවම කතා කරන පුරුද්දක් තියනව මට,1
මට අද කරන්න තියෙන  වැඩ හෙටට කල් දාන්නමයි හිතෙන්නෙ.කොච්චර කරන්න හැදුවත් බැ අද කරන්න,0
මට කෑගහල අඩන්න හිතෙනවා.,0
සමහර වෙලාවට මට හිතල හිතලම වමනෙ යනව. පෙනුමත් ගොඩක් කැත වෙලා.හිතාගන්න බැරි තරම් වෙනස් වෙලා,1
මට ගෙදර එක එක ප්‍රශ්න තියනවා..ගෙදර ඉන්න එපා වෙලා තියෙන්නේ,1
මට තනියම බස් එකේ ගමනක් යන්න ගොඩක් බයයි,0
මම අවුරුදු 33 පිරිමි පුද්ගලයෙක් මට කාන්තා පාර්ශවයට හිත යන්නේ නෑ..පිරිමි අයට විතරයි හිත යන්නේ,0
මම අදිල ලෙස අසභය චිත්‍ර පටි බැලීමට පුරුදු වෙලා..එක මට දැන මහ වදයක්,1
මන් මානසික රෝගයකට බෙහෙත් ගන්නවා ගොඩක් කල් ඉදලා..මට දැන් මෙහෙම බෙහෙත් බොන එකත් මානසික වදයක් වෙලා තියෙන්නේ,1
මගේ දරුවා හැමදාම රෑ නින්දෙදි මුත්‍රා කරනවා,0
මට හැම තිස්සෙම හිතෙනව මන් මැරෙවි කියලා..,0
මට හීනෙන් සුදු කොඩි පේනව,0
මම වතුරට ගොඩක් බයයි..මට වැවකට මුහුදකට බැස්සම මම ගිලිල මැරෙවි කියල හිතෙනවා,0
විවහ ජීවිතේ එපා වෙලා තියෙන්නේ..මගේ සැමියට අනියම් සම්බන්දයක් තියනවා..ඔහු නිතරම මාව රවට්ටනවා..මේ නිසා මට ජීවිතේ නැති කර ගන්න හිතිල තියෙන්නේ,1
මට උස් ස්ථානයකට නැගල බිම බලන්න බෑ..කකුල් අත පය වෙව්ලනවා.යටි පතුල් වලට දාහඩිය පවා දානවා,0
මගේ බිරිදව මට පෙන්නේ යකෙක් වගේ.ඇයගෙ මූන දිහාත් මට බලන්න පිරියක් නෑ..මට ඇයව පිලිකුල්,1
දැනුණු ප්‍රේමය කෙලවර උනේ වෙන් වීමකින්,0
හීන නෑ දැන්.ඉතුරු වෙල තියෙන්නෙ මරනය විතරයි,1
හිත ගොඩක් රිදිල මට දැන් කිසිම හැගීමක් දැනීමක් දැනෙන්නේ නෑ..ලෝකෙම පිස්සුවක් වගේ හිතෙන්නේ,1
හැමදාම මට නින්ද යන්නේ පැය 2ක් 3ක් වගේ.....හීනෙන් බය වෙලා නැගිටිනවා.මේක මට ලොකු පීඩනයක්,1
රැවුල කොන්ඩෙ කපල පිලිවෙලට ඉන්න මං කැමති නෑ....මට පිස්සෙක් වගේ ජීවත් වෙන්න ඔන,1
මේ හිත් වල සතුට කියන්නේ හීනයක්,0
මේ ජීවිතේ ඉක්මනට ඉවරයක් වෙනව නම් මම කැමතී,1
මට දෙනෝ දාහක් ඉන්න තැන නගිටලා එක පාර හූ කියන්න හිතෙනවා,1
මට බත් කන්න බෑ..බත් කෑවම වමනෙට එනවා,0
සමහර වෙලාවල් වලට මට හිතෙනවා මට තුවාල කර ගෙන බලන්න,1
සහමහරු මට රිද්දන දේවල් කරනකොට මට පලිගන්න හිතෙනව ඒ අයගෙන්,0
මේ දවස් වල හිත රිදෙනව රිදෙනවා ඉවරයක් නෑ..මැරිලවත් යන්නෙ නෑනේ,1
මට සර්පයෝ දකිද්දි අප්පිරියාවක් එනවා,0
මම අධික ලෙස තරබාරු  පුද්ගලයෙක්.මේ නිසා මම සමාජයෙන් කොන්වෙලා කියල දැනෙනවා,0
මට එක දිගට ස්ක්‍රීන් එකක් දිගා බලන් ඉද්දී ලොකු ඔලුවෙ කැක්කුමක් එනවා,0
මට හැන්දෑවට අරක්කු බිව්වේ නැති උනොත් ඇග පත ගැහෙන්න ගන්නවා නවත්ත ගන්න බෑ ඒක,0
තරහකාරයෙක් ඇවිත් මට වෙඩි තියලවත් යන්නේ නෑනේ,1
මට මුස්ලිම් ජාතියත් එක්ක පුදුම තරහක් එන්නේ,0
සියලුම බැදීම් වලින් ඈත් වෙලා මහන වෙන්න යනවා මම,1
හිගමනට වැටෙන්නම ඕන මිනිස්සු කව්ද කියල අදුන ගන්න,0
මට විභාග බීතිකාව ඇති වෙලා තියෙන්නේ.රෑට නින්ද යන්නේ නෑ,1
අතීතයේ සිදුවීම් උදේ ඇහැරුණ වෙලාවෙ ඉඳන් නින්දට යනකන්ම මතක් වෙනවා,1
අකමැති මිනිස්සු කරපු කියපු දේවල් සේරම ඔලුවට වද දෙනවා..අමතක කරන්න ම බෑ,1
ජීවිතේ කියන්නේ මහ පිස්සුවක්,1
ජීවිතේ  කියන රේස් එක දුවල දැන් හති මට,0
එක ප්‍රශ්නයක් ඉවර වෙනකොට මට තව ප්‍රශ්නයක් ඇති වෙනවා...ඇයි දෙයියනේ එහෙම මට වෙන්නේ,1
රට ජීවිතේ දැන් තිත්තයි මට,1
හීනෙන් හදපු ටජ් මහල් එක එක බිමට කඩන් වැටුන,0
මිනිස් වාසයෙන් තොරව වනගත වෙලා තමයි ඉන්න වෙන්නේ,1
මම මේ අවුරුද්දේ උසස් පෙල ලියන්නේ.මට විශාදය තියන්වා,1
මම සුරතල් සතෙක් හැදල ඌ මැරුණාම හිතට ගොඩක් දුකයි.ඇඩෙනවා,0
මේ ලෝකේ හැමෝම ඇයි මට හිනා වෙන්නේ,1
සිනා තොටක් විය ඔබ පාමුල මා ලද සරදම්,0
මගේ කටින් නිතරම පරෂ වචන පිටවෙනවා,0
මම කංස පානයට ගොඩක් ඇබ්බැහිවෙලා කියල මට හිතෙනවා,0
තුවක්කුවක් අරගෙන පාර්ලිමේන්තුවේ ඉන්න 225 මරන්න හිතෙනවා,1
ඒ වගේම ගොඩාක් තරහා යනවා..වෙලාවකට මට ඒ කෝපය පාලනය කර ගන්න බැරි තරම්.,1
 මන් මට ආදරේ කරන අයගේ හිත් රිදවනවා...ඒ වුනාට මට ඒක නවත්ත ගනන බෑ…,1
සිතෙහි වේදනාවෙන් සමුගැනීමට ජීවිතයට සමුදීම නොකළ යුත්තකි,0
මගේ ඇස් වල පොඩි ආබාධයක් තියෙනවා,0
මගේම කියල හීනයක් තියෙනවා..ඒත් මට ඒ දෙවල් සැබැ කර ගන්න පුලුවන් වෙයිද කියලා ලොකු බයක් හිතට එනවා,1
ජොබ් එකෙන් අස් වෙන්න බැ ගෙදර වියදම් නිසා.මට පිස්සු වගේ.තේරෙන් නැ කරන්න ඕන දේව,1
කොච්චර කලින් පාඩම් කරලා තිබ්බත් හැමදාම exam ලං වෙද්දී ඔලුව කැක්කුම එනවා,1
ඉගෙන ගන්න එක මානසික වදයක් මට,0
මට මන් ගැන පසුතැවීමක් ඇති වෙනවා,1
මම මළගෙවල් වල යන්න බයයි..ඒවගේම අප්පිරියාවකුත් එනවා හිතට,0
මම අවමගුල් ගෙවල් වල කෑම කන්න කැමති නෑ,0
මං කරන රැකියාව ගැන මම තෘප්තිමත් නෑ..මට මේක හිසරදයක් දැන්,1
මට මේ මුලු ලෝකේම ගිනි තියලා දාන්න හිතෙනවා,1
මට වාහනයක් අතට ගත්තම හිමින් යන්න බෑ...යන්න පුලුවන් උපරිම වේගයෙන් යන්න හිතෙනවා,0
දකින දකින කෙල්ලට හිත යන්නේ මට විතරද,0
මගේ පෙම්වතා මට ආදරේ නෑ...මට ඒ නිසා ජීවිතේ එපා වෙල ඉන්නේ,1
මගේ මුලු ලෝකේම ගිනි අරන් ආදරයක් නිසා,1
සංසාරේ මේතරම් කටුක ඇයි අනේ..කිසිම සැන සීමක් නෑ,1
අපේ කකුලෙන් අදින්නේ අපේ උන්මයි,0
බැදීම් ඉස්සරහ මිනිස්සු ගොඩක් අසරනයි,0
හිනා වුණ දවසක් මට මතක නෑ.මේ ජීවිතේ...දුකමයි හැමදාම,1
මට තරහ ගියාම මගේ ඇගේ පලු දාල කසන්න ගන්නවා,0
මේ ඔක්කොම අත ඇරල ඔලුව හැරුනු අතේ යන්න හිතෙනවා,1
කන්දක් උඩට ගිහින් බිමට පනින්න හිතෙනවා,0
තේරුමක් නෑ මේ ජීවිතේ,1
මානසික පීඩනය අඩු කරගන්නෙ කොහොමද,1
ආදරේ කරන කෙනව කොහොමද අමතක කරන්නෙ මන් ගොඩාක් දුකින් ඉන්නෙ මට හිත හදා ගන්න උදව් කරන්නකෝ,1
මේ විදිහටම ඉදලා මැරිලා යනවා,1
මේක උපතින් ආපු දෙයක් මන් ගොඩක් ට්‍රයි කලා වෙනස් කරන්න ඒත් දැන් මේකට මන් පුරුදු වෙලා වගේ දැනෙනවා කසාදයක් බදින්න වෙන්නෙ නෑ කවදාවත් මොකද මම අකමැතියි බයයි වගකීම් ගන්න මේ විදිහට ඉන්නවා කියලා හිත හදාගෙන ඉන්නවා බන්,0
මට වැඩියෙ යාලුවො නැහැ. මට තාම කෙල්ලෙක් නැ. මම කෙල්ලෙක් එක්ක කතා කරල යාලුකරගන්න දන්නෙත් නැහැ. මොකද්ද කරන්න ඔනෙ,0
මට 25ක් වෙනව. හොද රස්සාවක් එහෙමත් කරනව. මට social anxiety ( සමාජයට මුනදිමෙ බිය/nishabdawa idama) තියනව,0
එයා ඔයාට කරපු වැරදි මොනවහරි තියනවනම් එව්ව මතක් වෙද්දි නිකන්ම එපා වෙලා යනවා ,0
Tv series බලන්න එක දිගටම මම ලොකු අව්ලක් ආපුවාම හෙන සීරියස් එක බලනදා සීසන් 4ක් විතර යද්දි ඔලුව හොදයි.,0
"ඔයාට දවසක තේරේවි එහෙම වුණ එක මොනතරම් හොදද කියල..අනිවාර්යෙන්ම මේ වෙස්වලාගත්ත ආශිර්වාදයක්.. ඉක්මණට ම ඔයාට සතුට ,සැහැල්ලුව ලැබෙනවමයි,ඒක විශ්වාස කරන්න",0
උත්තරයක් දෙන්න බැරිම ප්‍රශ්නෙ ,0
අත්හරින්න හේතුව කාවුවොත් ඔයාට ගැලපෙන විදිහට කියන්නම්,0
යන අයට නිහඬව යන්නදෙන්න. එයා ගියෙ ඔයාගෙ වරද්දකින් නෙවෙයිනම් ඔයා තවත් එයා ගන හිතල පසුතවෙන්න එපා. මං ආදරය කරපුකෙනත් ගියා. එත් මං එයාට වරදක් නොකරපු නිසා මට හිත හදාගන්න පුලුවන් .ගියපු කෙනා දවසක පසුතවේවි.,0
මගේ ගැටලුවට විසදුමක් උදව්වක් දෙන්න පහසු වෙන්න මන් මගේ මෙතෙක් කතාව කෙටියෙන් කියන්නම්,0
මගේ යාලුවන්ට පවා ප්‍රේම සම්බන්දතා තිබුනා.ඔවුන් කිව්වෙ ඔයත් යාලුවෙන්න කියලා,0
සම්බන්ධය නවත්තමු යැයි ඔහුට කීව්වත් ඒ පිරිමි ලමයා ඒකට ඉඩ දුන්නෙ නැහැ.ඒ වෙලාවෙ මට හිතුනා මන් වැරැද්දක් නේද මේ ඉගෙන ගන්න කාලෙ යාලු වෙලා කලේ කියලා.,0
"ඔහොම කාලය ගිහින් ඔහු වෙන ගැහැනු ලමයෙක් සමග සම්බන්දයක් පවත්වන බව මට දැනගන්න ලැබුනා.එතනින් පස්සෙ මන් ගොඩක් කඩන් වැටුනා ඇයි මන් ඔහුට බොරු නොකරත් එහෙම මාව රැවැට්ටුවෙ කියලා මට බොරු කලේ ඇයි කියලා..මට ආදරය අහිමි වීමට වඩා මාව රැවටීම ගැන දුක හිතුනා. මන් ගොඩක් ඇඩුවා ඒ දේ නිසා.මන් ඇත්තටම ටිකක් බොලද , සන්වේදී කෙනෙක්.. ",1
ගොඩක් නෑදෑයො පවා එක එක දේවල් කියන්න ගත්‍තා..ඇත්තටම මන් ඒ දේවල් වලින් පුදුම විදියට මානසිකව වැටුනා..,1
කොහොමහරි ඔලුව හදාගෙන දෙවන වර විභාගයට සූදානම් වෙන්න ගත්තා.එවිට තමයී මට වැටහුනේ මට ඉගෙන ගන්න දේවල් ගොඩක් මග ඇරිලා කියලා. සමහර ගුරුවරු පවා මාව නොසලකා හැරියා. වැඩ බැරි ලමයෙක් ලෙස.නැදෑයන් මාව සන්සන්දනය කරන්න ගත්තා..ඒක පුදුම තරම් පීඩනයක් උනා ඔලුවට. ,1
මන් හැමදේම ගැන ඕනවට වඩා හිතන නිසා එහෙම උනා,1
මගේ හිතට නිතරම වද දෙනවා ඇයි මට මෙහෙම උනේ..ඇයි මන් එහෙම මෝඩ වැඩ කරේ පාඩුවෙ ඉගෙන් ගත්තනම් මන් අද හොද තැනක ඉන්නවනෙකියලා,1
ඇත්තටම o level වලින් පස්සෙ මට මගේ ඉගෙනුම ගොඩක් මගඇරුනා..දැන් තේරෙන්වා නොතේරුම් කමට කරපු දේවල් වල .විපාක. ,0
අද මගේ යාලුවො ගොඩක් හොද තැන් වල. මට වඩා පසුපසින් හිටි අයත් මාව අබිබවා ගිහින්. මට හොද තැනකට යන්න බැරි.වෙයි.. මගේ අනාගතය අවිනිශ්චිතයි කියන බය මට තියෙනවා.. මන් වෙලවක්ට පුදුම විදියට අඩනවා..,1
"මට දැන් ඕන මගේ දෙම්ව්පියෝ වෙනුවෙන් එයාලට සතුටු හිතෙන, එයාල්ව දුකක් නොදී බලාගන්න පුලුවන් හොද තැනකට යන්න. මන් දැන් ආදරය ගැන හිත යොමුකරනනෙ නෑ.මන් මගේ හිත හදාගන්න positive thinking , law of attraction වගේ ගොඩක් දේවල් ගැන හොයලා ඒ දේවල් වලින් මාව කලින්ට වඩා වෙනස් කරගත්තා..දැන් හැමදේටම අඩ අඩ ඉන්නෙන්නැ මන්...නමුත් මගේ දෙමව්පියෝ වෙනුව්‍ර්න් හොද තැනකට යන්න ඔන මට.මොකද අපි ගොඩක් සල්ලි තියෙන අය නෙමෙයි..",0
මන් ඉස්සර ඉදන්ම ආස මන් ඉගෙනගන්න ක්ශේත්‍රයෙන් ඉදිරියටම යන්න. ,0
මොකද මන් දක්ශ ලමයෙක් නිසා මට මග නතර වෙන්න හිතෙන්නෙ නැහැ.මගේ දෙම්ව්පියෝ වෙනුවෙන් මන් හොද තැනකට යන්න ඕන. ,0
මගේ පොඩි කාලෙ ඉදන් හීනය තිබ්බෙ doctor කෙනෙක් වෙලා ඒ අංශයෙන් ඉදිරියටම යන්න..ඒත් මන් කරපු මෝඩ වැඩ නිසා ඒ දේ මට නැති උනා..,0
මෙච්චර හොද දෙමව්පියෝ ඉදලත් එයාල මන් වෙනුවෙන් හැමදේම කරලත් මට එයාලා වෙනුවෙන් කිසි දෙයක් කරන්ම බැරිඋනා කියන පසු තැවීම මගේ හිතේ තියෙනව.. ,1
අනිත් අය අම්මගෙන් තාතතගෙන් මන් ගැන අහද්දි මට තාම campus යන්න බැරි උනා කියලා කියද්දි එයාලා කොච්චර අපහසුතාවයට පත් වෙනවද කියලා හිතෙනවා..මාත් එක්ක පාසලේ හිටපු ගොඩක් යාලුවො හැමෝම අද හොද තැන්වල. ,0
මොකද මන් ගොඩක් සන්වේදී කෙනෙක් නිසා හිත රිදවාගැනීම් වැඩියි.,0
මාස කිහිපයක් යද්දි එක්වරම ඔහු වෙනස් වෙන්න ගත්තා.මට හිතාගන්නවත් බැරි විදියට.මට පුදුම දුකක් දැනුනේ.හේතුවක් ඇහුවත් ඔහු කිව්වෙනෑ. ඔහුට පාඩුවෙ ඉන්න දෙන්න කිය කිය මගෙන් ඈත් උනා..මට ඒක ඇත්තටම දරාගන්න බැරිඋනා,1
මම් මාස ගානක් ඔහුගෙන් හේතු අහ අහ අඩ අඩ පස්සෙන් ගියා..,1
ඊට ටික කාලෙකින් මන් දැනගන්නවා ඔහු ඔහුගේ කලින් පෙම්වතිය සමග සම්බන්දයක් පටන් අරන් කියලා.මට පුදුම කලකීරීමක් දුකක් ආවෙ ඇයි ආපහු මට මෙහෙම උනේ කියාල. ,1
.මන් ගොඩක් මානසිකව වැටිලා depression තත්වයට ආසන්න වෙනකන් එනවා,1
ව්භාගයට මාස කිහිපයකට කලින් මන් විභාග බය නිසාම ඔහේ අඩ අඩ බයෙන් ඉන්න කෙනෙක් උනා.,1
අන්තිමට කොහොමහරි මන් හිත ශක්තිමත් කරගෙන විභාගයට මුහුන දුන්නා මේ අවුරුද්දෙ.විභාගෙ ලියලා මන් පුදුම තරම් ඇඩුවා මට මේපාරත් ඒ දේ බැරිඋනා නේද කියලා.නෑදෑයො එයාලගෙ ලමයි එක්ල මාව සන්සන්දනය කරන්න ගත්‍තා.. ,1
මට හිස්බව දැනෙනව මට මේ ලෝකෙ ජීවත් වෙන්න අමාරුයි මාව මේකට ගැලපෙන්නෑ.මට පිස්සුද මන්දා,1
Counselor කෙනෙක්ගෙ උදව් ඔනේ මට,0
"""මට මැරෙන්න ඕනි""",1
"""මට හැමදේම එපා වෙලා ඉන්නේ, ඉදලා වැඩක් නෑ""",1
"""මං පුදුම ස්ට්‍රෙස් එකකින් ඉන්නේ""",1
"""මට තියෙන ප්‍රශ්න අනිත් අයට කියන්න බෑ, එයාලා ඒව හැම තැනම ගිහින් කියයි. කාටද මං මේවා කියන්නේ. මට නිදහස් වෙන්න ඕනි හැම දේකින්ම""",1
"මං තනිවෙලා ඉන්නේ, මට මේවා කතා කරන්න කවුරුත් නෑ, ජීවත් වෙලා මොකටද? """,1
මට මෙිකට උදව් කරන්න .. මම අවුරැදු 23 ක ගැනුලමයෙක්.... ,0
මම හරි සංවෙිදි කෙනෙක් ... හැමොම කියන්නේ ඇස් අග කදුලු තියන් ඉන්නවා කියලා පොඩ්ඩ ඇත්තන් අඩනවා ... මම දුර්වලයි වගේ මට මිග්රෙන් තියනවා අඩුවොත් ඔලුව උස්සන්න බැ ... ,0
මම ආදරේ කරන කෙනා මම දිහා බලන්නෙ සැකෙන් .. අතිතේ වැරද්දක් අල්ලන් කියවනවා....,0
මම එයාට හරි ආදරෙයි මම වැරදි කරන කෙනක් නෙවේ .... එයා හිතන්නෙ මම sex හොයනවා කියලා මම එම කෙනෙක් නෙවේ ... එයා හිතන්නේ මම වෙන පිරිමි අය එක්ක යනවා කියලා ... මට කිසිම පිරිමි කෙනෙක් ඉන්න ගෙදරකට යන්න බැ අඩුම මගේ අක්කාලාගෙදරවත් ....,0
මම පුදුම විදියට විදවනවා ... මම එයාට ආදරෙයි ආදරේ නිසා අඩ අඩ ඉවසන් ඉන්නවා ...,1
මගේ නහරයක් පුපුරයි හිතන තරමටම මම අඩනවා මහ දැන් ලෙඩෙක්වගේ ... මට තවත් ඉවසන්න බැ ... මට තෙරෙන් නැ ... පිල්ස් මට ඇයි කියන්න මෙක මානසික ලෙඩක්ද ,1
මන රැකියාවක් කරනවා.ඒ ගමන්ම ඉගෙනත් ගන්නවා.මට මේ රැකියාව එපා වෙලා.,1
ඉගෙන ගන්න එකත් එපා වෙලා.,1
මට ඉගෙනගන්න වැඩ පවා දැන් එපා වෙලා තියෙන්නේ.රැකියාවට යන්නවත් කිසිම ආසාවක් නැ.,1
එකටම ඉන්න අය මට විවිධ ප්‍රශ්න දමනවා.ඒත් මන් ඉවසනවා.මට පවරලා තියෙන දේ මන් කරනවා.අනිත් අයගේ ඒවත් කරනවා.ඒත් සමහර වෙලාවට බැනුම් අහන වාර තියෙනවා,0
ඊර්ෂ්‍යාව හිතෙන් නැති කර ගන්නේ කොහොමද ?,0
මොක්ද්ද කරන්න ඕනේ මම ..උදව් කරන්න ..මම වගේම සමරිසි ගැහැනු ලමයෙක් හොයාගෙන බදින්න කියලා හිතෙනවා..මේ ප්‍රශ්න වලින් ගැලවෙන්න..,0
ඉගෙනගන්න එක නවත්වලා මැරෙන්න හිතනවා ..හැමදේම නවත්වලා,1
අම්මලගේ තාත්තලගේ හිත් වලට දුකක් දෙන්නත් බෑ..පුදුම විදියට අසරන වෙලා..ඉන්නේ ..මම gay කෙනෙක් කියලා කියන්න හිතෙනවා..ඒත් එහෙම කිව්වොත් එයාලගේ හැටියට ඒක දරාගන්න මනසක් එයාලට නෑ..,0
මට මේකට හොද අයිඩියා එකක් දෙන්නකෝ...ලොකු උදව්වක් මට මුකුත් හිතාගන්න බැරුව අසරණ වෙලා ඉන්නේ,0
ඔටිසම් තත්වයේ ඉන්න දරුවන්ට අකුරු උගන්වන්න භාවිතා කරන ක්‍රම මොනවාද ?,0
ආදරේ කරන කෙනෙක් ට ආදරේ කරන්න..හොදම පුද්ගලයා එන්න පරක්කුවෙන්න පුලුවන් ... එ නිසා කලබල වෙන්න එපා.. ,0
සියලු දේ අනිත්‍යයි..මගේ රුපේ එදා නැතිවෙන්න තත්පර 30k ගියේ නැ,0
මගේ ජිවිතේ අනතුරේ දාගෙන ස්ත්තුන්ගේ ජිවිත බෙරලා ඇති අනන්තව... දුප්පත් කෙනෙක් ට කන්න කැම එකක් හරි මම නිටර දෙනවා..එ දෙන ආශිර්වාදයෙන් මම මාර සතුටක් ලබනවා..,0
තාත්තා මට එයගෙනුයි තාත්තා ගෙනුයි කෙනෙක් තොරගන්න කිව්වා... අපහසුවෙන් උනත් මම ගත්තේ තාත්තා ගේ පැත්ත..හැබයි මට ol වලට පාඩම් කරන්න හිතදුන් නැ.. මම ඔහේ exam ලිව්වා.,0
මම මානසිකව වැටිලා හිටියේ..ගෙදරට මම මුරන්ඩු කෙනෙක් උනා..එකත් මට වදයක් උනා.,1
හැම මොහොතෙම හිතේ නිදහසක් නැ..ඔහු අරම කරනවා ඇතී මෙහෙම කරනවා ඇති කියන ගින්දරෙන් පිච්චී පිච්චී මම ජිවත් උනා..ජිවිතේ නැතිකරගන්න උත්සහ කලා.. ,1
මට සමාජෙට මුනදෙන්න ගොඩක් පුරුදු වෙන්න උනා..මොනවා උනත් මගේ කලින් ආදරේ තමා මාව අපහු සමාජ ගත කලේ.. මම විලාසිතා කරනවා..කොටට අදිනවා..අවශ්‍ය තැනට අවශ්‍ය විදියට අදිනවා.. අමාරුවෙන් ඔය තුන් තැනටම මම face කලා..,0
අනේක දුක් විදගෙන මම එත් උත්සහ කරනවා..,0
ඔහු නිතරම කිව්ව දෙයක් ඔයා වගේ නෙමෙයි හැම කෙනාම අහවල් පුදගලයාව විශ්වාස කරන්න එපා කියලා..,0
ඔබව විනාශ කරගෙන පරාජය බාර ගන්නවද ගින්දර මැද්දෙන් නැගිටලා පෙන්නනවද.......... තීරණය කරන්න.....,0
තමන් හරි කියලා තමන්ට පුළුවන් කියලා පෙන්නන්න..,0
කාලයට කිසි දෙයක් කරන්න බෑ ඔබ මුකුත් නොකලොත්. මොකද සුවපත් වීමේ යතුර තියෙන්නේ ඔබ ළග.,0
අතීතයේ උන සිදුවීමක් නිසා නිතරම බිය වෙනවා කල්පනා කරනවා..plz කවුරු හරි දන්නවා නම් කියන්න....,1
Facebook කෙරෙහි දැඩි සේ ඇබ්බැහි වූ කෙනෙක් ඉන් මුදවා ගන්නේ කෙසේද?,0
මේ හැමදේම හැමවෙලේම මතක් වෙනවා මන් හැමතිස්සෙම ඉන්නෙ දුකින් අඩන්නැති දවසක් නැති තරන්.,1
අකමැත්තෙන් ⁣දෙයක් කරනවාට වඩා කැමැත්තෙන් කරන දේ තුල පෙරටත් වඩා සාර්ථකත්වය අත්විඳල තියෙනවද,0
ගොඩාක් බලාපොරොත්තු තියාගෙන ඉගෙනගෙන ඒ බලාපොරොත්තු ඉෂ්ට වෙන තැනටම වැඩ කරගෙන එකපාරටම ඒ නිසාම ජීවිතේ එපාවෙලා ,1
ආසාවෙන් වැඩකරන්න හිත ශක්තිමත්ව තියාගන්න බැරි වෙලා අනික් අය කියන විධියට ජීවිතේ ලැබෙන හොඳ අවස්ථා නැතිකරගෙන තියෙනව,0
අනික් අය අත් නොදකින සැපතක් තමන්ගෙ ජීවිතේ විඳලා ඒ සියල්ලම එක මොහොතකින් එපාවෙලා,0
අම්මා කතා කරන සමහර දේවල් මට ඇහෙද්දි මට ජීවිතේ කල කිරෙනවා,1
මන් දැන් ඉස්සර තරම්වත් කන්නෑ මන් හුගාක් නොසන්සුන් මැරෙන්න හිතිලා ඉන්නේ.,1
.මට දැන් පාඩම් කරන කිසි දෙයක් මතක හිටින්නෑ පිස්සු වගේ ,1
ජීවිතේ අන්තෙටම කලකිරිලා ,1
මන් ලොකු පීඩනයක ඉන්නේ ,1
මන් ගෙදරින් මහණ වෙන්න අවසර ඉල්ලුවත් ගෙදරින් ඉඩ දෙන්නෙත් නැහැ.,1
මට තේරෙනවා මන් Out Of Control කියලා සමහර වෙලාවට හුගාක් කලබලකාරී වෙලා මම.,1
මෙහෙම ගියොත් මට පිස්සු හැදිලා නතර වෙයි කියලා හිතෙනවා,1
ප්ලීස් මට කියන්න මන් මොකද්ද කරන්න ඕනි,1
හීනමානය සහ උච්චමානය ගැන නෝට් එකක් තියෙනව නම් දෙන්නකො,0
වියපත් කාන්තාවන් අනවශ්‍ය ලෙස තරුණ වෙන්නට යාම මානසික ආබාධයක් ද,0
කෙනෙක්ගේ Personality එක හදා ගන්නනේ කොහොමද Personality එකට අඩංගු කරැණු මොනවද ?,0
මම 2020 වෙනකන් නිතරම දුකින් හරි මොකක් හරි හිත හිත හිටියේ..,0
අතීතය ගැන පසු තැවෙමින් හෝ..අනාගතයට බයෙන් හරි…නිතරම සතුටින් නෙවේ..,1
හැමදේම අත් හරින්න ගියේ නෑ. අත් හැරෙන බව දැනගෙන ජීවත් වෙන්න පටන් ගත්තා,0
වර්තමානයේ ජීවත් වීම.  අනාගතය හෝ අතීතයේ නොව.. ඒ මොහොතේ කල යුතු හොදම දේ කරලා සතුටින් ජීවත් වෙන එක,0
මිනිසුන් කියන දේවල් ගැන වැඩිය හිතන්නෙත් නෑ. එයාලාගේ වැඩ ගැන ත් ඕපදූප හොයන්නෙත් නෑ. ,0
හැමෝම එක්ක කතා බහ කරලා හිනාවෙලා ඉන්නවා. හැබයි ඕනෑවට වඩා බැදීමක් නෑ. ,0
වැඩ ගොඩක් බදාගෙන කරන් නැතුව... හැමදාම එක වැඩක පොඩ්ඩ පොඩ්ඩ හරි කරනවා.,0
ඊර්ෂ්‍යාව කියන දේ නැතිම කරලා දැම්මා. ප්‍රායෝගිකව අමාරු උනත් සමහර අයට. එහම දෙයක් හිතෙන හැම වෙලාවෙම ඒක නැති කරලා.. කාටහරි හොදක් වෙද්දී හදවතින්ම සතුටු වෙන්න පුරුදු උනා.කාලයක් කරද්දී නිකන්ම පුරුද්දක් වෙනවා.,0
"විභාගයක් තියෙන දවසට, උදේ ට මට ගොඩක් අමාරු වෙනවා... වමනය සිහිය නෑ වගේ ගතිය... ඉස්සර මේම නෑ... ඇයි දැන් ඒම වෙන්නෙ??.....",0
බොඩි ලැන්වේජ් ගැන ඉගන ගන්න තියන සිංහල පොත් මොනාද?,0
මෝහනය තුලින් අතීතයේ වුන අමිහිරි මතක අමතක කරලා යථා තත්ත්වට පත් වන්න පුලුවන්ද.,0
තමන් මානසික රෝගියෙක් කියලා තමන්ම විසින්ම සිතනවානම් එයත් මානසික රෝගයක්ද?,1
"තමන් තමන් විදියට නැතුව අනුන්ට,සමාජයට ඕනේ විදියට ජීවත් වෙන්න ගියාම ඒ ජීවිතේ මෙලෝ රහක් නෑ",0
උඹට හරි දේ මට වැරදි වගේම මට හරි දේ උඹට වැරදි වෙන්න පුළුවන්,0
නිතරම අදුරේ ඉන්න ආස කරන කෙනෙක්.,1
"ගම්පහ , කොලබ ඇතුලත ඉන්න හොද මනෝවෛද්‍ය වරු කවුද.",0
ඉතාමත් හදිසි.,0
ජීවිතේ ලස්සනම දේවල් අපිට ලං කරන්නේ අපේ සිතුවිලි .. සිතුවිලි වෙනස් කරගනවා කියන්නේ ජීවිතේ වෙනස් කරගැනීමක්. ඒ සිතුවිලි සුන්දර වෙන තරමට ජීවිතේ සුන්දරයි . ,0
කොච්චර පාඩම් කරත් මටක හිටින් නැහැනෙ .අනේ මොකද කරන්න ඕනේ කියන්නකෝ.අසරණ වෙලා ඉන්නේ.ලබන මාසේ එක්සෑම් මට,0
"ගෙදර අයත් මේ දවස් වල මානසිකව වැටිලා ඉන්නෙ, ඒ වගේම තාත්තා ගැන බයෙන් ඉන්නෙ මොනා හරි කරගනීද කියල.",1
ළමයින්ගේ අධි ක්‍රියාකාරීත්වය මානසික රෝගයක් ද?,0
දුවගේ මෙි හැසිරීම මට මානසික වදයක් වෙලා.මොකද දුව ලොකු වෙද්දිත් එයාට මෙි නිතරම සිතේ ඍනාත්මක සිතිවිලි රජයන්න උනොත් එයා ලොකු මානසික වැටීමක් වෙයි කියලා.,1
මට හැමදාම දුව ලගින් ඉන්න බැරිඋනොත් එයා දිරිමත් කරන්න කෙනෙක් නැතිව එයාගේ අනාගතේ අදුරැවෙයි කියලා බයක් දැනෙන වා.,1
අපි හැම දෙයක්ම කරන්නේ සතුටින් ඉන්න. දවසක අවසානයේදී අපි ගත කරපු දවස ගැන සතුටින් මෙනෙහි කරන්න පුළුවන් තරමට අපේ ජීවිත සකස් කරගන්න එක බොහොම වැදගත්.,0
ඇබ්බැහිවීමකින් බේරෙන්නේ කොහොමද,0
ඊයේ හිටිය මට වඩා පියවරක් හරි ඉස්සරහට යන්නයි මට තරගය තියෙන්නේ.. ඒ නිසා මම තරග කරන්නේ මාත් එක්කමයි.. නැතුව මිනිස්සු එක්ක නෙවෙයි..,0
ආදරේ දී මං තරම් ප්‍රතික්ෂේප වුන කෙනෙක් මේ ලොකේ කොහෙවත් නැතුව ඇති,1
අපි හැමෝම කැමැති ආදරේ කරන්න .ආදරේ ලබන්න ,0
මාත් ගොඩක් ආදරේ ලබන්න කැමැති කෙනෙක් .ඒත් මට ආදරේ කරන්න කවුරුත් හිටියේ නෑ.එකට හේතුව රෑපය කිව්වොත් නිවැරැදියි .මං කලු කෙල්ලෙක් .කලු කෙල්ලෝ ලස්සනයිලු.මිනිස්සු කියන්නේ එහෙම .ඒත් මං එහෙම නෑ.මට තියෙන්නේ කුස රජ්ජුරුවන්ට වගේ කැවුම් නහයක්.බකල් කකුල් දෙකක්.ඔය හේතුව නිසා මට ආදරේ ලැබුනේ අඩුවෙන් .,1
.සරලව කිව්වොත් ආදරේ ලැබුනත් ටික කාලයක් විතරයි .සරලව කියනවා නම් Time Passing .ඉතින් ජිවිතේ තේ ට මොන කොල්ලෙක් ආවත් මං බය වුනා ආදරේ කරන්න .මොකද මට බයයි විරාහ වේදනාව විදින්න .මං කාටවත් ලං වුනේ නෑ .එතකොට ලේසි ජිවත් වෙන්න .කවුද කැමැති අඩ අඩ ජිවත් වෙන්න .අපි ආස සතුටින් ඉන්න .,1
කොහොම වුනත් ගෙදර ට මාව ප්‍රශ්නයක් .මොකද මට දැන් අවුරුදු විසිපහක් .කොල්ලෙක් නෑ.ගෙදර ට එන ප්‍රෝපෝසල් මේ කැවුම් මුණ නිසා අකැමැති වෙනවා .මේ මුණ නිසා මට තියෙන්නේ දුක විතරයි .මං මහා පව්කාරියක් ,1
මුලින්ම ඔබ ඔබට ආදරේ කරන්න .ඔව් ඒ තමා මගේ ජිවිතේ වෙනස් කරපු වචන ටික,0
මුලින්ම මං මට ආදරේ කරන්න ඕනා .ඒත් කොහොම ද ?අමාරුවෙන් හරි මට කරන්න වෙනවා .නැත්නම් මට ජිවිත කාලේම වෙන්නේ අඩඅඩ ඉන්න .,0
ඉස්සර ලස්සනට නොඇදපු මං ලස්සනට ඇන්දා.මං මාව ලස්සන කරා.කවදාවත් ලිප්ස්ටික් ගැවේ නැති මං ලස්සන ලිප්ස්ටික් ගෑවා මගේ තොල් වල.හැම වේලේම මං හිතුවා මං ලස්සනයි මාව හැමෝම අගය කරනවා කියලා ,0
ගොඩක් මිනිස්සු පුරුදු වෙලා ඉන්නේ රෑපයට ආදරේ කරන්න වුනාට මං ඔයාගේ ආදරේ කළේ ආත්මයට,0
ඔබ ඔබට ආදරේ නොකරනා තුරු ඔබේ විරයා ඔබ නොවනා තුරු ජිවිතේ වෙනස් කරන්න බෑ,0
අරමුණු ඉලක්ක වලට යන්න කරපු හැම උත්සාහයක්ම අසාර්ථක වෙලා වගේ දැනෙනව,0
"මට කිසි දේයක් නැහැ මට මේක කරන්න බැහැ මට අනිත් අයට වගේ සැප පහසුකම් නැහැ වාහනයක් නැහැ, හොද ගෙවල් දොරවල් නැහැ ,මගේ පවුලේ ප්‍රරශ්න එක්ක කවදාවත්ම මට මේ තත්ත්වයේන් ගොඩ එන්න බැහැ ,මට ඉගෙන ගන්න බැහැ ඔනෙ වුනත් මට පහසුකමක් නැහැ ",1
මම පොඩිකාලේ මගේ පාසලේ මගේ වටේ හිටපු හැමෝම සැලකුවෙ මට ඉගෙන ගන්න බැරි අපේ වචනයෙන්ම කිව්වොත් මෝඩ ලමයෙක් විදිහට එත් මම එක මගේ ජීවීතයේ ලොකුම motivation එක කරගත්තා ,0
මම අවුරුදු 20 යි පිරිමි ලමයෙක් ..යම් කිසි කාර්යක් කීරීමට පෙර සිතට බය ගතියක් එනවා ..ඉට පස්සෙ එම කාර්ය හොදට හුරුවෙලා අයෙම කරද්දි බය හිතෙනවා ..,1
හැමදෙයක්ම අසුබවාදී විඩිහට වෙන්නේ.. මට මැරෙන්න හිතිලාඅ තියෙන්නේ මැරෙන්නේ නැත්තේ එතනින් පස්සෙ අපාගත වෙන නිසා…,1
ආදරයක් නැතිව හුගක් අවුලලෙන් ඉන්නෙ...ගෙදරින් පවා බනිනවා කෙල්ලෙක් එකක් වත් යලුවෙන්න අපිට හොයලා දෙන්න බැ කියලා...කොච්චර උතසහ කරත් ගැනු ලමයෙක් කැමති වෙන් නැ...,1
වැඩ කල් දාන්න හිතෙන එකට මොකද කරන්න ඕනේ? මේ නිසා හුඟක් දේවල් ගැන පසුතැවෙන්න වෙලා තියෙනවා. ඒක නවත්ත ගන්න බැරි වෙයිද,1
මම දුකින් ඉන්නේ..පොඩි කාලේ මට ගොඩක් දේවල් උනා. මගේ යාලුවෝ එක පාරට මාව දාලා ගියා ගොඩාක් දේවල් උනා..කියන්න බැරි ඒවත් උනා.,1
මම ගොඩාක් ලැජ්ජාශීලී කෙනෙක් උනා..මිනිස්සු එක්ක වචනයක් වත් කතා කරන්නේ නැති එකෙනෙක් උනා..,1
යාලුවෝ නෑ.වැඩිය කටිටිය එක්ක කතාකරන්නෙත් නෑ...ටික දාහක් ඔහොම ඉන්නකොට මම තනියම හිතන්න පටන් ගත්තා ,1
හිතෙන් මවා ගන්න එකට ඇබ්බැහි උනා.මට නවත්තගන්න බැරි උනා..පිස්සු වගේ ආවේ..ටැප් එක වැහුවට ආයේ ආයේ චෙක් කරන්න ගත්තා..පොතක් කියවපුවම.. කියෙව්වද නැද්ද කියලා අමතක වෙන ලයින් එකටම ආවා.. දැන් බොහොම අමාරුවෙන් පාලනය කරගෙන ඉන්නේ..,1
අනේ මට මැරෙන්න දෙන්න. ඇයි මාව බේර ගන්න හදන්නේ මට ඔක්කොම එපාවෙලා මෙතනින් අහකට යන්න. මට බැහෑ අනේ....,1
සුභ අලුත් අවුරුද්දක් වේවා හැමෝටම….,0
ඉන්දියාවට වුන දේ නම් අපිට වෙන්න එපා,0
අනේ ඉතින් ආයෙ කවද නිදහසේ එළියට යන්නද,0
හලෝ... කොහොමද යාලුවනේ ...,0
මම මේ සමූහයේ අයගෙන් ඉල්ලන්නේ මට මේකට උදව් කරන්න,1
මම මෙවර උසස් පෙළ විභායට තුන් වන වරට පෙනී සිටියේ.ඒත් මට SSF ප්‍රතිඵලය විදියට තියෙන්නේ.මම කාලයක් depression වලට බේත් ගත්ත කෙනෙක් මට කොහොමටත් ලොකු stress එකක් දරන්න බෑ.,1
මේක ප්‍රශ්නයක් ද කියල ඔයාලට හිතෙයි.එව්ත් මට ලොකු ප්‍රශ්නයක..,0
ඒත් ඒව අහලම දැන් මහෙ ආසව නැතිවෙලා.මම වැඩකරන්වත් අඩුයි දැන්.මට තේරෙන් නෑ මොනව කරන්නද කියල,1
මං ලොකු පීඩනයක ඉන්නෙ.ජීවිතේ එපා වෙලා.අම්මයි තාත්තයි නිසා ජීවත් වෙන්නෙ.,1
අතේ කොන්දෙ pain එක එන වෙලාවට ගොඩක් කේන්ති යනව.ඇය් මට මෙහෙම වුනේ කියල හිතෙනව .මැරෙන්න තරම් හිතෙනව.මට කරන්න ඕනෙ මොකක්ද කියල හිතා ගන්න බෑ.මට මේ ලෙඩෙත් එක්ක විදවල ඇතිවෙලා තියෙන්නේ,1
මම ගොඩක් ලොකු පීඩනේකින් ඉන්නේ. පුලුවන් නම් මගේ හිත හැදෙන්න මට මේකට විසදුමක් දෙන්න ,1
මේ දවස්වල අපිට exam තියෙනවා. නමුත් එයට මුහුන දෙන්නවත් මානසිකත්වයක් නෑ,0
මම නිතරම හිනාවෙලා ඉන්න කෙනෙක් සහ ආදරේදි ගොඩක් අවන්කයි. එත් දැන් එහෙම සතුටෙන් ඉන්න අමාරුයි.,0
මම ගොඩක් විදවන්නෙ එයාට තිබුනු කලින් සම්බන්ධතා ගැන.ඒක වැරැද්දක් ඒත් ඒක මට දරාගන්න අමාරුයි,1
මම ආදරේ සම්බන්ධ හේතු නිසා ජිවිතේ නැතිකරගන්නවත් හිතන්න තරම් මොඩ ළමයෙක් නෙමෙයි. නමුත් එයා ගැන තිබුන විශ්වාසේ සහ එයා ඒවගේ දේවල් නොකරපු කෙනෙක් කියල මම හිතේ තියන් හිටිය විශ්වාසෙත් දෙකම නැතිවෙලා ඉන්නේ,1
මට දැන් දැනෙන ලොකුම බය මට එයා දවසක බොරුවක් කරයිද කියන බය,0
මන් ලොකු ප්‍රශ්නෙක ඉන්නෙ ඒ මගෙ දෙමව්පියන් නිසාමයි..මට දැන් වයස 24..මෙච්චර කාලෙකට මන් කිසිම දවසක් සතුටින් ඉදලා නෑ..මන් මගේ අම්මට තාත්තට ගොඩක් ආදරෙයි ඒත් එයාලගෙ හැසිරීම් නිසා දැන් මට මගේ ජීවිතේත් එපා වෙලා,1
මන් කමරේටම වෙලා හැදුනෙ යාලුවො එක්ක ගමනක් යන්නවත් දීලා නෑ ඉස්කෝලෙ ගිය කාලෙ මට අයියා කෙනෙක් එක්ක සම්බන්ධයක් තිබුනා ඒක අවුරුදු 7ක් විතර තිබුනා ඒක දැනගත්තාම අම්මා මට සිහි නැති වෙනකල් ගැහුවා..,1
පොඩී කාලෙ ඉදලා මට කරපු වියදම් තාත්තා කියවලා මට බනිනවා...මන් මේ ගෙදර ඉන්න පොඩි කාලේ ඉදලාම කැමති නෑ,1
මන් ඉපදුනේ කරුමෙටලු එයාලව විනාස කරන්නලු අදත් හොදටම බැන්නා මන් කරපු වරදකුත් නෑ මට දැන් මේ ජීවිතේ එපා වෙලා තියෙන්නේ,1
මොනවා හරි වෙලා මැරුණ නම් හොඳයි කියලා හිතෙනවා වහ බොන්න හිතෙනවා බෙල්ලෙ වැල දා ගන්න හිතෙනවා මට මාව පාලනේ කරගන්න අමාරුයි,1
ඩොක්ටර් කෙනෙක් හම්බෙන්න යන්න විදියකුත් නෑ මට කතා කරන්න කෙනෙකුත් නෑ,1
මට මහා පාලුවක් තනියක් දැනෙනවා මට කියලා කවුරුත් නෑ කියලා හිතෙනවා,1
මට මගේ හිත සැහැල්ලු කරගන්න කරන්න පුලුවන් දෙයක් කියන්න plz...,0
ඇත්තටම girl කෙනෙක් විදියට සමාජෙ මූනදෙන්න පුලුවන් හැම ගැටලුවකටම මන් ශක්තිමත්ව මූන දුන්න.,0
ඒත් පොඩි කාලෙ ඉදන් මහ එපා කරපු දෙයක් තියෙනව කොච්චර උත්සහ කරත් මට මාවම එපා වෙන.,1
වෙලාවකට මට මන් ගැනම කලකිරෙනව. පුදුම කරුමයක්. කරන්න පුලුවන් හැමදේම කරා.,1
දැන් නම් දරා ගන්න බැරිම තැනට ඇවිත්. මේකට බෙහෙත් අරන් වැඩක් නැ. ,1
අනේ මට මේක කියන්න කවුරුවත් නෑ...මේක ගැන අහන්න කෙනෙක් නෑ...ඇත්තටම අසරන වෙලා ඉන්නෙ මේක මානසික පීඩනයක් ඇත්තටම. මට තීරනයක් ගන්න තේරෙන්නෑ,1
මේව ගැන දන්න කියන කෙනෙක් නෑ අහන්න. අනේ මම ඔයාගෙන් උදව්වක් බලාපොරොත්තු වෙනව හොද තීරනයක් ගන්න. ,1
තව පාරක් එක්සෑම් කරන්නත් අමාරුයි තියන අපහසුතා එක්ක මේ රිසාල්ට් එකවත් එන්නැති වෙයි කියල බයයි.,0
මගේ අම්මටයි තාත්තටයි ඇත්තටම ටිකක් වයසයි ඒ දෙන්න ගැන මම හිතන්න ඕන මම විතරයි ඉන්නෙ මගේ එකම ආසාව මම හම්බ කරන දෙයින් එයාලට සලකන එක.,0
මට ජොබ් එකෙ සැලරි එකත් ගොඩක් වැදගත් මොකද මේ තියන ආර්ථික ප්‍රශ්න නිසා.,0
දවස ගානේ තරහා වැඩි වෙනවා. කිසිම උවමනාවකින් නෙමෙයි මම ඉන්නේ. මට කෙලින් තීරනයක් ගන්න අමාරුයි මගේ අම්මා තාත්තා නිසා. ,1
මට හරි අප්පිරියයි මේ ගෙදර ඉන්න එක. මොකද මේ තාත්තා හැම තැනම කියලා මේ එයාලගේ දේපල මම ඒවා අයිති කරගන්නලු ඉන්නේ කියලා. ,1
"මට කෙනෙක්ගෙ මූන දිහා බලගෙන කතා කරන්න බෑ , එහෙම කතා කරත්, කතා කරන කිසිදේකට අවදානය යන්නෙ නෑ ,මේ නිසා මං ගොඩාක් අපහසුතාවට පත් වෙනවා ",1
අනේ මට උදව් කරන්න ,1
පාඩම් කරන දේවල් ගොඩක් කල් මතක තියා ගන්න පුලුවන් විදිහට ඔයාලා පාඩම් කරන විදිහ කියන්නකෝ,0
"මම දෙයක් කරාම , මම දන්නවා ඒක හොදට උනා කියලා , ඒත් ඒක ආයෙත් කරේ නැත්තම් කරදරයක් වෙයි වගේ හැගීමක් ඇවිල්ලා ආයේ කරනවා ,",1
"තව දෙයක් ඊයේ කරොත් ආයේ ඒක අද කරේ නැත්තම් කරදරයක් වෙයි , අඩුවක් වෙයි වගේ හැගීමක් නිසා ආයේ කරන එක",1
මට හැමවෙලේම හිතෙනවා කවුරුහරි මට කරදර කරන්න එනව කියලා,1
මං ගොඩාක් වෙලාවට ලොකු බයකින් ඉන්නෙ,1
ගෙදර අය පවා මට කරදර කරයි මොකක් හරි නොකරපු දේකට බනී ගහයි කියලා හිතෙනවා,1
එයා මාත් එක්ක ආගිය තැන් හැමදේම හැමෝටම පෙන්නයි මට ලැජ්ජ කරයි කියලා හිතුනා ඒ බයින් මං ගොඩාක් කල් ඉදියා ඒත් එහෙම කිසිම දෙයක් උනේ නැ අන්තිමට උනෙ මට පාඩු උන එක මගේ අද්‍යාපන කටයුතු ..,1
ඒත් සමහර වෙලාවට රෑට වගේ පොඩ්ඩක් ඇග පෙන්නන්න කියනව (මූන නැතුව) මම බැ කිව්වොත් එයා එතනින් එහාට බල කරන්නැ කමක් නැ කියනව මං ඊට ඔඅස්සෙ එහෙම පෙන්නුවෙත් නැ දැන් ගොඩ දවසකින් ඒත් මට බයයි අර කලින් පෙන්නපු ඒවා එයා ළඟ තියං ඉන්නවද දන්නැ කියලා ආදරේ කරද්දි ඒ වගේ දේවල් සාමාන්‍ය දේවල් කියලා හිතුනට මට ගොඩාක් බයයි ..,1
දොරක් ලොක් කරාම මං දෙතුන් පාරක් බලනව ලොක් දෙක දාලද කියලා,1
මේක මට ලොකු ප්‍රශ්නයක් මේක නිසා මගේ ජීවිතේ ගොඩාක් දේවල් මට මග ඇරුනා,0
මං ගොඩාක් මානසිකව හිරිහැර විදපු කෙනෙක් මගේ bf ඒවා දන්නව එයා මගේ හිත හදනව ගොඩාක් මට මේක ලොකු ප්‍රශ්නයක් මට ඒ සිතුවිලි හිතට ආවාම දවස පුරාම ඒක තමා හිතේ තින්නේ අසාමාන්‍ය විදියට පපුව ගැහෙනව මට මේ නිසා ජීවිතේ එපා වෙලා තීන්නේ හැමදාම මෙහෙම බය වෙලා ඉන්න පුළුවන් ද,1
ඒ සිතුවිලි පාලනය කරන්න ත් බැ හැමදාම එහෙම වීඩියෝ කෝල් නොගෙන ඉන්න පුළුවන් ද? එහෙම හැමදාම බයෙන් ඉන්න පුළුවන් ද? ,0
මට හිතෙනවා මට ලැජ්ජ වෙන්න වෙයි එහෙම දෙයක් උනොත් කවුරුත් මාත් එක්ක කතා කරන එකක් නැ ඒ වගේ දේවල් මට මැවිලා පේනවා මෙහෙම සිතුවිලි එද්දි මේක ලෙඩක්ද??,1
අනේ පුළුවන් කෙනෙක් උදව් කරන්න ... මට ඩොක්ට කෙනෙක් ගාවට යන්න විදියක් නැ මට මේක කාටවත් කියන්න බැ උදව් කරන්න මේකෙන් ගැලවෙන්න මට කියන්න දන්න කෙනෙක් මේ වගේ තත්වෙක ඉද්දි අද්‍යාපන කටයුතු වලට බාදා වෙන්නැතුව කරගන්නෙ කොහොමද ??? ප්ලීස් උදව් කරන්න තව මාස පහකින් මට ලොකු එක්සෑම් එකක් තීනවා මට ඒක කොහොම හරි කරන්න ඕනේ උදව් කරන්න,1
යාලුවන්ගෙ boyfriendsලා ඒගොල්ලොන්ට ආදරෙන් කතා කතා කරනවා ඇහෙද්දි මට ගොඩක් දුකයි.. කොහොමද පොඩි පොඩි ආදර වචන එයාගෙන් අහගන්න තැනට මන් එයාට interest කෙනෙක් වෙන්නෙ..,0
මං ගොඩාක් ඇඬුවා ඒත් රෑට විතරයි . කියන්න පුළුවන් හැම කෙනාටම මං කිව්වා මං ගොඩාක් අයගෙන් උදව් ඉල්ලුවා එයාව මගෙ ගාවට ගන්න. ඒත් මට බැරි වුනා.. එයාලා කිව්වේ ඔයාට එයාව එපා අතාරින්න කියලා එයාව ගැළපෙන් නෑ කියලා ..,1
පස්සෙ මං වහ බිව්වා ඒත් ප්‍රයිවට් හොස්පිටල් එකකින් බේත් අරන් බේරුනා...,1
මං පෙන්ඩෝල් පෙති වගයක් බිව්වා... මට නින්ද ගියා විතරයි මැරුන් නෑ .. ,1
මං මාව කන්ට්‍රෝල් කරගත්තා. ආයෙ මං ඇඬුවේ නෑ ඒත් මගෙ ඔළුව රිදෙනවා දැන් මට හරි අපහසුවක් දැනෙනවා හිතට.. කොච්චර උත්සාහ කරත් ඒ මතකය ඔළුවෙ තියෙනවා.. මට අමතක කරන්න බෑ . මට ආයෙත් මැරෙන්න හිතෙනවා... ,1
ගෙදර බර සම්පුර්නෙන්ම තියෙන්නෙ මගෙ කරේ.ඉන්න හරියට ගෙයක්වත් නෑ අපිට තාම.මේ හැමදෙයක්ම එක්ක කැම්පස් ගමන හුගක් පරක්කු එක ලොකු පීඩනයක් මට.කොච්චර කල් මෙහෙම ඉන්න වෙයිද දන්නෑනෙ.කැම්පස් යන එක දැන් අතෑරල දාල මොකක්හරි ජොබ් එකක් කරන්න හිතෙනව දැන් මට,1
කැම්පස් නොගිය යාලුවොත් මහන්සි වෙලා ජීවිතේ සාර්ථක කරගෙන තියෙනව.මම කැම්පස් ගමන ගැන බලාපොරොත්තු තියාගෙන ඉදන් එක තැන පල් වෙනව වගේ දැනෙනව.වයසත් යනව.මේ ආර්ථික තත්වෙත් එක්ක කැම්පස් දිගටම යනවද මොකක් කරන්නද කියල හිතාගන්න බෑ මට. මට උපදෙසක් දෙන්න. ගොඩක් පින්,1
මනෝ විද්‍යාව පිළිබඳව ඉගෙන ගන්න කැමති කෙනෙකුට ඒ සම්බන්ධව තියෙන පාඨමාලා ගැන විස්තර කියන්නකො...,0
මනෝ චිකිත්සක ක්‍රමයක් ලෙස ශාන්ති කර්ම යොදා ගෙන අැති අාකාරය ගැන විස්තර ගක්න පුලුවන් සිංහලෙන් ලියවුණු පොත් මොනනද???,0
මනෝ චිකිත්සක ක්‍රම ගැන කියවන්න පුලුවන් සිංහලෙන් ලියවුණු හොද පොත් මොනවද?,0
"මානසික පීඩනයෙන් ඉන්න වෙලාවක, මානසිකව සැහැල්ලුවක් දෙන සංගීත නිර්මාණ මොනවද..?",0
මට මෙහෙ තනියම හිත හදාගනන් පුලුවන් විදියක් කියන්න ඇත්තටම කිව්වොත් මන් මානසිකව වැටිලා එයහෙ මතකයන් එක්ක හැමදේම කරල අන්තිමට එයා මාව දාල ගියා ප්ලිස් පුලුවන් කෙනෙක් කියන්න මට මේ අබ්බැහි වීමෙන් ගැලවෙන්න ක්‍රමයක්,1
පාඩම් කරන් දේවල් දිගු කාලීනව මතක තබා ගන්න හා දුරකථනයට ඇබ්බැහි වීමෙන් මිදීමට උපදෙස් ලබා දෙන්න.,0
අවුරුදු 5ක සම්බන්දයක් නොසිතූ විදියට බිද වැටුනා.. හිතපු නැති විදියට එයා මගෙන් ඈත්ම උනා.. ,0
මට ඒ බැදීම තාමත් අමතක කර ගන්න අමාරුයි. හිත හදා ගන්න අමාරුයි. මන් තාම එකම තැන. ඒත් එයා ගොඩක් දුර ගිහින් ඉවරයි වගේ මට දැනෙන්නෙ.,1
පව් නොදී මැරියන් කියන වචනෙ පවා එයාගෙ කටින් මට කිව්වා.. මට ඒ දේවල් දරා ගන්න අමාරුයි. ,1
මං ජොබ් එකක් කරන ගමන් ඩිග්‍රී එකක් කරනවා. ඒ හැම දේම දැන් දැන් අව්ල් වෙනවා කියල මට තේරෙනවා. ,0
හිතේ පුදුම පාලුවක් දුකක් තියෙන්නෙ. මට මං ගැන කල කිරෙනවා සමහර වෙලාවට. ජීවිතේම මහ බොරුවක් මුලාවක් නේද කියල හිතෙනවා. හැම දේම එපා වෙනවා. ,1
චුට්ටක් හොදින් කතා කරන්න හිතාන. කටහඩ අහන්න ආස හිතෙනවා. ඒ හැම වෙලාවෙම එයා මට හරි කැත විදියට බනිනවා. මට මේ දේවල් හිතේ තියාන ඉන්න නිසාද දන්නෙත් නෑ ගෙදර අය එක්කත් කේන්ති යනවා,1
කිසිම දෙයක් හරියට කර ගන්න බෑ.. හැමදේම අවුල් වෙලා වගේ දැනෙනවා.. මෙ හැමදේම දන්න මාව කලෙක ඉදන් දන්න පිරිමි ලමෙක් මට යෝජනාවක් ගෙනාවා. එයා ගැන හිතන්න ඕන තරම් කාලයක් ගන්න කියලත් මට කිව්වා.. ඒත් මට එයා ගැනවත් හිතෙන් නෑ.. පැහැදීමක් නෑ. මට හිතෙන්නෙ එතනත් අවසානෙදි දුකක් ඉතිරි වෙයි කියල.,1
ගෙවුන කාලෙත් එක්ක දුක කියන දේට මං පුදුම විදියට බයයි දැන්. මේ තත්වෙන් මිදෙන්න මං මොකක්ද කරන්න ඕන මට මගෙ ජීවිතේ ගැන බයයි. මම ගෙදර වැඩිමලා. මට ලොකු වගකීමක් තියෙනවා නංගි මම අම්මා තාත්තා ගැන. මං කොහොමද මේ හිතේ බර නිදහස් කර ගන්නේ. Plz මට උදව් කරන්න.,1
පවුල් සංස්කෘතික න්‍යාය පිළිබඳ ඇති තොරතුරු ඇත්තම් දාන්න .,0
නව යොවුන් මානසික ගැටලු වලට ප්‍රතිකාර කරන මනො චිකිත්සක වරයෙක් නම් කරන්න.,0
සෙමින් අක්ෂර ලියන සෙමින් ඉගෙන ගන්න ළමයි පිළිබඳ තොරතුරු සඳහන් කරලා තියෙන මනෝ විද්‍යාව පොත් මොනවද?,0
අනේ මටත් තියෙනවා..හෙල්ප් ඔනෙ....මට එක වදයක් අනේ.මන් ආස නෑ එහෙම හිතෙනවටවත්..චිත්තරූපත් පෙනව..මන් හිතලා හිතන්නෙ නෑ අනේ උදව් කරන්න පිං සින්ද වෙයි,1
මම කිසිම චර්‍යාවක් නැවත නැවත කරන්නෙනම් නෑ.ඒ උනත් මගෙ හිත පාලනයකින් තොරව සිතුවිලි ඇති කරනව.එක සිතුවිල්ලක් හැම වෙලේම මතක් වෙවී මාව ව්‍යකූල කරනව.හිතට කිසිම නිදහසක් නෑ,1
මානසික රෝග වලට ප්‍රතිකාර ගන්න හොඳ ඩොක්ටර් කෙනෙක් දන්නවද ??,0
"තාම ආදරේද, තාම හිතනවද, තාම හොයලා බලනවද......",0
"ජිවිතේ හිත නිදහස් කරගන්න අමාරුම දවස්ද ගෙවෙන්නේ... හොද හුස්මක් ගන්න, සංසුන් වෙන්න....",0
ප්‍රේමය පරිපූර්ණ නොවුනත් එය සත්‍ය විය යුතුමයි....!!,0
ඔබට ඔබේ ජීවිතයේ සතුට ළඟා කර ගැනීමට අවශ්‍ය නම් ඔබ නිරන්තරයෙන්ම සතුට ලුහුබඳින්නෙකු විය යුතුයි ,0
මට ගොඩාක් දුකයි අපරාදේ මට මෙහෙම උනේ ඇයි කිය්ලා හිතෙනව මට කව්රුත් යාලුවෝ නෑ ඒ කාලේ කිසිම සමජ දැනුමක් මට තිබුනේ නැ. අපේ අම්මටත් නැ. ,1
මට කව්රුත් ගැන ඉරිසියා නැ. එත් අපිට තියෙන්නේ ගොඩාක් වෙලාවට cleening වැඩනේ... මන් හිත හදාගෙන මගේ වැඩේ හරියට කරන කෙනෙක්.. අම්මා ගොඩාක් දුකින් ඉන්නේ මන් ගැන,0
මට ලොකු පසතැවිමක් තියෙන්නේ අම්මගෙ අසාව ඉස්ට කරන්න බැරි උන එකට මොකද මම ගොඩාක් අදරේ මගේ අම්මට... මගේ බබාටත් වඩා... එක වැරැද්දක්ද?,0
මට හැම වෙලෙම මතක වෙන්නෙ අම්මා.. මට ලෙඩක්ද. අම්මාට මොනාහරි උනොත් මන් මැරෙයි නැත්තම් මට පිස්සු හැදෙයි... මට උදව් කරන්න..,1
හරි අපි හැමෝම වගේ ආදරය කරලා අනෙක් කෙනාගෙනුත් ඒ වගේ ම ආදරයක් බලාපොරොත්තු වෙනවානේ. ඇත්තටම ආදරය කියන්නේ මොකක් ද?,0
ආදරය කියන්නේ අපි අනෙක් කෙනා අපි ආදරේ කරනවා වගේම අපිට ආදරේ කරයි කියලා අපි බලාපොරොත්තු වෙනවා. ,0
ජීවිතේ අමාරුම දේ මොකක්ද? ඒකට අපිට එක එක විදිහේ උත්තර තියෙන්න පුලුවන්.. හැබැයි ආරම්භය සහ අවසානය කියන අවස්තා දෙකෙන් පහසුම දේ මොකක්ද කියලා ඇහුවොත්..,0
තදබල ආදරයක් ඇති විට වෙනත් කෙනෙක් ගැන හිතන්න බැරිද ?,0
ඒ නිසා වැඩි දේවල් හිතන්නේ නැතිව කරන්න සැලසුම් කරන් ඉන්න දේවල් වල පලවෙනි පියවර තියන්න අදම පටන්ගන්න..,0
"අපිට ආදරයක් අවශ්‍ය විය යුත්තේ ජීවිතයට කිසිදු බලපෑමක් නොවන ආකරයට, හැගීමකට පමනක් බැදීමක් හා ආදරයක් ගොඩ නගාගත්තොත් එය විදවීමක ආරම්භයක් වන බව නොඅනුමානයි.. ",0
මට උදවු කරන්න.මම පිරිමි ළමයෙකුට ගොඩක් ආදරෙයි.ඒත් එයාට මාව යාලුවෙක් විතරයි .එයාගෙ හිතේ එහෙම අදහසක් නෑ.මගේ අදහස එයාට කිවුවා.එයා මාව ප්‍රතික්ෂේප කලා,1
"දැන් මට රිද්දනවා,වෙනස්කම් කරනවා.ඒක ලොකු දුකක් මට.සේරම එපාවෙලා.මට ලැජ්ජාවක් හිතට දැනෙනවා.එයාට ආදරෙයි කියලා ප්‍රතික්ෂේප වුණ නිසා.",1
දුක් වෙනවා.සමහර දේවල් මට දරාගන්න අමාරුයි.එයාගෙ එක වචනෙත් ඇති හිතින් ගොඩක් වැටෙන්න.ප්‍රතික්ෂේප වීම නිසා ගොඩක් කලකිරිලා ඉන්නේ.ප්‍රතික්ෂේප නොවුණු මිනිස්සු නෑ කියලා මං දන්නවා.ඒත් වුණ දේට මට මං ගැනම ලැජ්ජායි.මට මේකෙන් ගැලවෙන්න ඕන.හිත හදාගන්න ඕන.මට උදවු කරන්න.,1
කෙනෙක්ට තියන ඇබ්බැහි වීමකින් මිදෙන්නෙ කොහොමද ? මට තේරෙන්නෑ.මොකක්ද මං කරන්න ඕන?,1
හැමවෙලාවෙම මතක් වෙනවා එයාව.ඒක මගේ හිතට වදයක්.උපදෙසක් දෙන්න..,1
මට දැන් තියන අවුල මට කතා බහ කරන්න… අවිදින්න යන්න.. සරලවම කිව්වෝත් ආදරය කියන දේ දෙන්න ගන්න කෙනෙක් නෑ… ,1
කවුරුත් මාව තේරුම් ගන්නෑ.. මට හිතේ තියන දේ කියන්න කෙනෙක් නෑ.. ,1
මන් දැනුවත්ව කාටවත්ම වැරැද්දක් කරලත් නෑ … මන් කලේ මගේ වැඩත් නතර කරලා අනිත් අයට උදවු කලා ඒත් සමහර වෙලාවට මන් වැරදි…,0
සමහර කාල වලට මට කේන්තිය උපරිමයි… කාවවත් පේන්න බෑ.. මන් කියන කරන කන බොන දේ පවා මට මතක නෑ…,1
මානසික මට්ටම හොදටම අවුල් වගේ මට දැනෙන්නේ… ,1
නිකන් කවුරු හරි ඉදලා නැති වුනා වගේ… පාලු ගතියක්… ,1
එක දෙක තියන් ඉන්න කෙල්ලෝ නිසා කල කිරිලා තියෙන්නෙත්… ඒත් මගේ ඔලුව නිදහස් කරගන්න විදිහක් නෑ… කතා කරන්න යාළුවො හිටියට උන්ට කියලා තේරුමක් නෑ… ,1
භාවනා කරන එකත් කලා ඒත් දිගටම කරන්න අමාරුයි එක එක ඒවා ඔලුවට එනවා.. ඇවිදින්න යන්න විදිහක් ඇත්තේම නෑ.. ,0
පොත් කියවලාත් එපා වෙනවා බිසි වුනත් හරියන්නෑ… මට තෙරෙන්නෑ මේ පිඩනයක් වගේ හිරවෙලා තියන ගතිය ඔලුවෙන් අයින් කරගන්නේ කොහොමද කියලා… ,1
එක දිගට කැම්පස් එකේ වැඩක් දැන් කරගන්න අමාරුයි…කාවවත් පේන්න බැරි වෙලාවලුත් එනවා… මට හිතෙන්නෙම මට කැමති නැතුව ඇති .. කැමති වෙන්න තරම් දෙයක් මගේ ලග නැතුව ඇති..කෙල්ලෝ කැමති play boy ලට.. ,1
දැනේන හිතට සම්බන්දයක් ඕනි කිව්වත් දැන් එවගේ අය නෑ… ඇත්තටම ආදරය කියලා කෙහෙම්මලක් නෑ.. හැමදේම තමන්ට දෙයක් තියේනකන් විතරයි…. වගේ දේවල්මයි… ,0
ලොක් ඩවුන් නිසා තවත් වැඩි මේ ඔලුව විකාර ගතිය.. ඒක එක දේවල් එනවා ඔලුවට.. මන් මේ කිව්ව දේ තේරුනාද නැද්ද දන්නෑ මට කරන්න දෙයක් කියන්න පුළුවන්නම්..,1
මම කැම්පස් තේරෙයි ද නැද්ද කියලා දන්නෙ නෑ වැට උඩ ඉන්නෙ 2nd shy කරන්න හිතෙන්නෙ නෑ,0
යාලුවනේ මට දැන ගන්න ඕනි මට විශ්වවිද්‍යාලයක ඩිප්ලෝමා එකක් හදාරන්න පුලුවන්ද?,0
"ආත්ම විශ්වාසය ඇති කරගෙන , තමන්ව shine කරගන්න.",0
"අද උසස්පෙළ ප්‍රතිඵල නිකුත් උනා. කොටසක් සතුටු වෙද්දී,තවත් කොටසක් දුක් වෙනවා. මෙහෙමයි නංගි මල්ලි මුලින්ම අද්‍යාපනික කෝණයෙන් බලන්නෙ නැතිව පොඩ්ඩක් ඔයාට ජීවිත කෝණයෙන් මේ දිහා බලන්න පුලුවන්නම් ගොඩාක් හොදයි",0
මේ කෙටි ජීවිතේ කාලා ඇ​ඳලා ලස්සන ජීවිතයක් ගතකරන්න කවුද අකමැති? ඒත් ඉතින් සල්ලි නැතුව මොකුත් ​කරන්න බෑනේ,0
කොයි තරම් නම් මිනිස්සු මහත කෙනෙක් දැක්කොත් අපො කැත. වයස පේනවා සෑහෙන්න බැරල් එකක් වගේ ඔය වගේ ඒවා කියනවද.. මිනිස්සු හිතන් නෑ අර මනුස්සයට ඇති වෙන හැගීම ඒ වෙලාවට.. ඒ තරම් මිනිස්සු මාරම සෙල්ෆිශ්.,1
හිනා වෙලා ඉන්න,0
ඔබ දේවල් දෙස බලන ආකාරය වෙනස් කිරීමට උත්සාහ කරන්න. සැමවිටම දීප්තිමත් පැත්ත දෙස බලන්න. නරකට සිද්ධවෙන දේවල් තුලත් පුංචිම හොඳක් හරි ඇති. ඒක හොයාගන්න.,0
"සින්දුවක් අහන්න, පොතක් කියවන්න. සංගීතය කියන්නේ හිත නිවන කලාවන්ගෙන් ඉහලින්ම තියන දෙයක්. ඔබේ මුඩ් එක හරි නැත්තනම් ඔබ කැමති විදියේ සින්දුවක් අහන්න. ටික වෙලාවකට ඔබේ ප්‍රශ්න අමතක කරන්න..",0
ඔබව සතුටින් තියන අයව ඇසුරු කරන්න. සමහර වෙලාවට ඔබට ජිවිතේ හමුවෙන අය ඔබව දුකට පත්කරනවා විතරක්ම වෙන්න ඇති. එහෙම අයගෙන් ඈත්වෙන්න. ,0
කෙනෙක්ගේ Personality එක හදා ගන්නනේ කොහොමද Personality එකට අඩංගු කරැණු මොනවද ?,0
"ඔබ කරන්නෙ සමාජයට අහිතක් වෙන දෙයක් නෙවෙයි නම්, කවදාවත් කාගෙවත් වචන වලට බය වෙන්න එපා,",0
ඇයි මට මෙහෙම උනේ' කියලා නිතරම කනස්සල්ලෙන් හිතනව,1
'තමාගේ හිසට තම අතමය සෙවනැල්ල' ,1
සමහර මිනිස්සු කවියක් වගේ ... අක්කත් එහෙමයි .. මාව මතක ඇති කියලා හිතෙනවා ,0
කාංසාමය තත්ත්වයක් වෙන්න පුලුවන්. බය වෙන්න දෙයක් නෑ. ඕක දරුවට නොතේරීම හොඳ කරගන්න පුලුවන් තත්ත්වයක්. ලමා මනෝවිද්‍යව ගැන දන්න කෙනෙක්ට පෙන්නුව නම් වඩා හොදයි,1
අමාරු පාඩමක් / මූලධර්මයක් න්‍යායක් කොහොමද මතක තියාගන්නේ ?,0
කොහොමද හරියටම ඒ පිළිබඳව හොද අවබෝධයක් ලබාගන්නේ? විභාගයට ඒ න්‍යායෙන්ම ප්‍රශ්න ආවත් විභාගේ හොදටම සමත් වෙන්නේ කොහොමද ?,0
ඇය ගමන් කරපු පාර දිහා ආපහු හැරිලා බලනවා.,1
එකිනෙකා කියන දේ නෙවෙයි තමන් හිතලා තමන්ගේ හෘද සාක්ෂියට එකඟව නිවැරදි දේ කරන්න.,0
ඔබ ජීවත් විය යුත්තේ තවත් අයෙකු මත යැපෙමින් ඔවුන්ට යටත් වෙමින් නොව ඔබ කැමති විදියටයි.,0
අමතකවීම යනු කුමක්දැයි පැහැදිලි කිරීමක් කළ හැකිද?,0
උපාධියක් ඉවර කරන්න කොච්චර කල් යනවද,0
විශාදය කියන්නෙ සෙල්ලමක් නෙවෙයි. ⁣ඔබේ සමීපතමයාට ඔබේ උදවු අවශ්‍ය වී තිබිය හැකියි.,0
සිසු ගැටලු හදුනාගැනීමෙි පැහැදිලි ක්රමවෙිද මොනවාද,0
සිසු ගැටලු තියෙන්නේ පවුල තුලයි එය නිර්මානය වන්නේ මනසික නිදහස නැති ලමයි වෙනස් සහන හොයාගෙන යනවා ලමයි හැමදේම කියන්නැ දෙමාපිද ගෙන් දැගත යුතුයි,0
මම සමහර දේවල් වලට හුගක් addict වෙලා ඉන්නෙ.,1
මමත් මීට මාස පහකට පමණ පෙර යම් ක්‍රියාවකට දැඩිව ඇබ්බැහි වෙලා හිටියා.,1
ඔයා ආදරය කරන කෙනා ඇත්තටම ඔයාට අවශ්‍යය කෙනාද ? / විවාහයට සුදුසු කෙනාද ?,0
මානසික සහනය හා මානසික නිදහස වෙනුවෙන් ප්‍රේම සම්බන්ධතාවයක් අත් හැරීම අනුමත් කළ හැකිද ?,0
සුභ දවසක් හැමෝටම,0
පිරිමියාට වඩා කාන්තාව ශක්තිමත් වන්නේ කොහොමද ?,0
මට මානසික රෝගයක් නම් ඒ සදහා බෙහෙත් බොන්න පොඩි බියකුත් තියෙනව,1
"දරුවා ට සැබෑවටම ආදරෙයි නම් ජංගම දුරකථන ,රූපවාහිනිය ආදියෙන් දරුවා ඈත් කරන්න",0
අසීමිතව දඟ කරන සිඟිත්තන් මෙල්ල කරන හැටි ,0
ඔබ ඔබවම ජය ගැනිමට අවශ්‍ය නම් එය කිසියම් නිශ්චිත ක්‍රියාවලි කිහිපයක ගමන් කල යුතුය. ,0
ඉලක්කයක් හෝ අරමුණක් පමණක් තිබු පමණින් එය ඉෂ්ට කර ගැනිමට නොහැකිය. ඒ සදහා නියමිත කාලයක් සහිත සැලසුමක් ඔබ සතුව තිබිම අනිවාර්ය වේ. ,0
ඇත්තටම මට ගැටළුවක් වුණේ ප්‍රතික්ෂේප වීම. ,1
මම අනිත් මිනිස්සු වෙනුවෙන් බොහෝ දේ කළත් මා වටා සිටි සමහර මිනිස්සු මාව ප්‍රතික්ෂේප කළා. ,1
"මට මේ ප්‍රතික්ෂේපය දරාගන්න බැරි වුණා. මම දිගින් දිගටම කල්පනා කළා, මම හිතුවා මම කිසිම වැඩකට නැති පුද්ගලයෙක් කියලා,",1
මම මාවම අවතක්සේරු කලා. මට මාව එපා වුනා. මං ගැනම කළකිරුණා . මේ විදිහට ගොඩක් කල්පනා කරපු හින්දා මට ලොකු හිසරදයක් හැදුනා.,1
"ඔබ ඉතා සුළු දෙයක් කළත්, ඔබ සතුව කිසිවක් නැති උනත්, ඔබව ඉතාම වටිනවා. ",0
"සමාවෙන්න මම ආයි මගේ ප්‍රශ්නය කිනවා... මට දැන් හොඳටම Strees , කොහොමද නැතිකරගන්නේ exam එකක් නිසා අසීමිතව බයවෙලා මම",1
පාඩම් කරන ඒවා මතක තිබ්බත් එකයි නැතත් එකයි කියලා අතහැරලා දාලා පාඩම් කරන්න..මට නම් ඒක තමයි හරි ගියේ,0
ඒ ඇත්ත තේරුම් ගන්න බැරි උන එකට අදටත් පසු තැවෙනවා.. ,1
"තනිකමට විකල්ප,, නොගැලපෙන සම්බන්දයක් හොයන්නතුව තනියම නැගිටින්න බැරි උන එකට…",0
මම ඔයාලගෙන් ගොඩක් උදව් ඉල්ලනවා මේ තත්වෙන් බේරෙන්න මම මොකද්ද කරන්න ඕනි කියලා මට උදව් කරන්න කියලා,1
මට වයස 17යි..මට කිසිම වැඩක් කරන්න හිත දෙන්නේ නැහැ ,1
මට තේරුම් ගන්න බැරි ඇයි මම කැමති පැත්ත ඒවගේම මම දක්ෂ දේවල්වත් කරන්න මට හිත දෙන්නේ නැත්තේ ඇයි කියලා,1
මට ඉගෙනීමෙ වැඩ ගොඩක් තියෙයි මම දන්නවා ගොඩක් තියෙනවා මට ඒවා කරන්න ඕනි කියලා මට ඒවා කරන්න හිත දෙන්නේ නැහැ ,1
ඒ කියන්නේ වැඩ කල් දානවා කරන්න හිතෙන්නේ නැහැ.,1
මගෙ පවුලෙත් ගොඩක් ප්‍රශ්න තියෙනවා මගෙ අම්මයි තාත්තයි Divorce වෙන්න ඉන්නේ ඒකෙන්ම තේරුම් යනවානෙ කොච්චර මගෙ Family Background එකටත් කෙලවෙලාද තියෙන්නේ කියලා..,1
මම එයාලා ගැන කලකිරීමෙන් ඉන්නේ ආදරයක් හිතෙන්නෙත් නැහැ වැඩිය මම දන්නෙ නැහැ මම මොකක්ද කරන්න ඕනි කියලා මට කිසි බලාපොරොත්තුවක් නැහැ.,1
මම සමහරක් දවස් වල කලුවරේ එලියට වෙලා පුටුවක ඉදගෙන චොකලට් හරි බිස්කට් හරි ඔහේ කාගෙන යනවා එක පාර ගොඩක් කාගෙන යනවා..,1
මම ඇත්තෙන්ම පමණට වඩා හිතනවා...,1
බැඳීම් කියන්නෙ මොනාද? ,0
පුද්ගලයෙකුට තම ජීවිතය වෙනස් කිරීමට අවශ්‍ය නම් ඔහු එය ආරම්භ කළ යුත්තේ තමන් විසින්මය,0
ඔබ ඔබගේම හදවතට හදවතට කතා කරන්න.,0
ඔබගේ ජීවිතයේ සාර්ථකත්වය රඳා පවතින්නේ ඔබගේ සිතුවිලි තුළම බව ඔබට හඳුනා ගැනීමට හැකි වේවි.,0
ඇත්තටම දෙමාපියන් වශයෙන් මොකද ඔබ කරන්න ඕනේ?,0
"සමහර දෙමාපියන් දරුවාට අඩන්න දෙන්නෙම නැහැ, ඒ අතරේ අනෙක් දෙමාපියන් කොට්ටාශය දරුවට අඩන්න දෙනවා.",0
""" අතීතය සිහිනයක් පමණයි """,1
ඔව් වෙච්ච හැම දෙයක්ම හීනයක් කියලා හිතෙන තරමට හිත හදාගන්න..,0
අතීතයේ සිද්ධ වුන සිදුවීම් අනාගතයත් එක්ක පටලගන්නෙපා..,0
මම ලොකු ප්‍ර්ශ්නෙක ඉන්නේ අනේ ප්ලිස් තවත් එක ගැහැනියක් විදියට මට මේ කතාව කියන්න හොදම තැන මෙතන කියලා හිතුනා.,1
මට දැන් මගේ ජීවිතේ එපා වෙලා තියෙන්නෙ.හැම අතින්ම කල කිරිලා.මගේ ගෙදර ගොඩක් ප්‍ර්ශ්න ඉස්සර ඉදන්ම..,1
"යාලුවෝ කියලා කට්ටිය හිටියට හැමෝම අවස්තාවාදීන්,නෑදෑයෝ කියලත් වෙනසක් නැහැ.ගෙදරත් මට කිසිම සැනසීමක් නෑ.",1
"ප්‍ර්ශ්නම විතරයි..ගෙවල් වලින්,නෑදෑ හිතවතුන් පවා දන්න ආදර සම්බන්දයක් තිබ්බා",1
"ඒයාගේ වෙන සම්බන්ද ගොඩක් තිබිලා අහුවුනාට පස්සෙ එපාවෙලා ගෙවල් වලින් දන්නවා කියලා බයට නොසිට,මන් සම්බන්දය නතර කරලා දැම්මා.",1
මේ හැමදේම එපා වෙලා ගිය මාසේ ගෙදරින් ගියා කොලඹ කොහේ හරි බෝඩ් වෙලා ඉන්නවා කියලා හිතාගෙන.ඒත් බෝඩිමක් හොයාගන්න බැරුව ආයේම ගෙදර ආවා..,1
මට දැන් කිසිම වැඩක් කරන්න හිතක් නැහැ.අඩුම මට ඉගන ගන්නත් බෑ දැන්.මන් ගොඩක් දුර්වලයි .දක්ෂයෝ ඉස්සරහා මන් නිකමෙක් වෙලා.,1
පාඩම් කරන කිසිම දෙයක් මතක හිටින්නේ නෑ.,1
මගේ අසනීපයකට දීර්ඝකාලීනව බෙහෙත් ගත්තා..ඒත් සල්ලි පූජකරනවා විතරයි කාටවත් ලෙඩේ හොයාගන්න බෑ..දැන් බෙහෙත් කරලම බෙහෙත් කරන්න සල්ලිත් නෑ..අත ඇරලා දාලා තියෙන්නේ..,1
වෙලාවකට කන්නවත් නෑ ගෙදර.ඒ වෙලාවට ගොඩක් දුකයි.අඩනවා හොදටම.,1
ගොඩක් පීඩනෙන් ඉන්නේ.අනේ මට මැරෙන්න ඕන.මට තනිවෙන්න ඕන..,1
මෙතන තියෙන්නේ මගේ ප්‍ර්ශ්න වලින් ටිකක් විතරයි.,0
සල්ලිම විතරක් නෙමේ මෙතන ප්‍රශ්නය.හිතේ සැනසීමක් නැතිකම තමයි ලොකුම ප්‍රශ්නය.,1
මට මානසික පීඩනය දරාගන්න බැහැ.හරිම අපහසුවෙන් මන් ඉන්නේ..මට මැරෙන්න ඕනී,1
දුක කියන්න යාලුවෙක්වත් නැහැ.තේරුම් ගන්න පුලුවන් දුක අහන්න ඉන්න හැමෝටම විහිලුවක් විතරයි මේ දේවල්..,1
මට ගොඩක් තනී..,1
හිටියා ඇති වගේ දැනෙනවා..,1
ජීවිතේ ගැන පොඩිම ආසාවක් වත් නැහැ..තවත් නම් බෑ..ජීවිතේ අත අරින්න හිතෙනවා..,1
"මෝඩයි කියයි ,හිනාවෙයි මිනිස්සු...ඒත් තුවාලේ තියෙන කෙනා තමයි ඒකේ වේදනාව දන්නේ..",1
මගේ mood එක ඉක්මනට වෙනස් වෙනවා. සතුටෙන් ඉන්නකොට වචනයක් කාගෙන් හරි වෙනස් උනොත් ආපහු mood එල වෙනස් වෙනවා මට මේක හරි වදයක්.මම මොකද කරන්න ඕනි,1
මට මං ගැන Negative විදියට හිතෙනවා. අනිත් අයත් එක්ක සංසංංන්දනය කරනවා. ,1
මට අනාගතේ ගැන බය හිතෙනවා. මං හිතින් ගොඩක් දුර්වලයි කියලා හිතෙනවා. ,1
අම්මා අප්පච්චි යාළුවෝ කව්රු මං ලගින් හිටියත් මට තනිවෙලා වගේ හැගීමක් දැනෙනවා. ,1
මට හේතුවක් නැතුව දුක හිතෙනවා. ,1
මට වෙලාවකට හිතෙනවා මට පිස්සුද කියලත්. Please දන්න කෙනෙක් උපදෙසක් දෙන්නනකෝ.,1
මට සමාජෙට යන්න ආසාවක් නෑ. සමාජෙත් මට කැමති නෑ. මට social anxiety තියෙයි. මිනිස්සුන්ව මග ඇරලා ජීවත් වෙන්න මම උත්සහ කරන්නේ.,1
මට ලොකු ප්‍රශ්නයක් තියෙයි. මට රස්සාවකට යන්න බෑ. මම ජීවිතේට රස්සාවක් කරලා නෑ. අපේ පවුල ගත්තත් එහෙමට සල්ලි භාගෙ නෑ. අපේ පවුලට ආර්ථික දායකත්වය මම ලබා දෙන්නෙ නෑ,1
"මට අවුරුදු 24යි. ඉන්ටවිව් යන එකත් මට පේන්නම බැරි, එපාම කරපු වැඩක්. මම මොකද මේකට කරන්නේ.",1
අම්මාගෙ අසනීප එක්ක ඒ දේ කරන්න බැහැ. ඒ නිසා මම ස්වයං අධ්‍යාපන කටයුතු (Self Studies) කරන්න බලාපොරොත්තු වෙන්නේ. මේ උපාධිය සාර්ථක වේවිද? මම ගොඩක් මානසිකව වැටිලා. මට උදව් කරන්න,1
මගේ අම්මා අසනීප උනු නිසා මගේ උසස් අධ්‍යාපන කටයුතු නොසිතූ ලෙස අඩාල උනා. මම දක්ශ ළමයෙක් උනත් මට උසස් පෙල ප්‍රතිඵල මදි උනු නිසා මට රජයේ විශ්ව විද්‍යාලයකට ඇතුලත් වෙන්න බැරි උනා,1
මට දෙවෙනි වතාවක් උසස් පෙල කරන්න අමාරු උනා.මොකද මම හිටපු තත්ත්වය නිසා. ,0
උසස් පෙළ ලියන කාලෙ දවල්ට පාඩම් කරන්නවත් ඇත්තටම මට නිදහසක් තිබුනෙ නෑ සද්ද නිසා...,1
මට ඇත්තටම එයාලට කියන්න බෑ එන්න එපා කියලා...මොකද්ද කරන්න ඕන මේකට...ඇත්තටම මානසික වදයක් මේක,1
අපේ ලගින් ඉන්න කෙනෙක් අපිව මග අරිද්දි මොකක්ද කරන්න ඕනි,1
නිත් විෂයන් කරන ළමයින්ට මෙච්චර වැඩ ගොඩක් නැති නිසා මට දැන් ඇත්තටම එපා වෙලා තියෙන්නේ මගේ විෂය පිළිබදව ,1
"මම ඉතා සැහැල්ලුවෙන් මුලින්ම පටන් ගත්තේ, දැන්නම් මට එපා වෙලා ... හිතන්න ගොඩක් දේවල් තියෙනවා",1
"මම මුලින් it field එකට සම්බන්ධ රැකියාවක් කරේ , එහිදීත් අධික වැඩ නිසයි අයින් වෙලා ගෘහ නනිර්මාණකරණයට ආවේ",0
සාර්ථකව ඉදිරියට යාමට නම් ශාරීරික මෙන්ම මානසිකව ඔබට ඇති ශක්තිමත් බවද බෙහෙවින් වැදගත්.,0
ශාරීරිකව අපි කොයිතරම් ජවසම්පන්න වුවත් මානසිකව දුර්වලයි නම් ඉදිරි ගමනට එය අසුබවාදී තත්වයක්.,0
සෑම කෙනෙක්ම සතුටු කළ යුතු නැත,0
ඔබ මානසිකව සවිමත් නම් අන් අයව සතුටු කිරීම ඔබේ කාර්‍යක් නොවන බව දැනගත යුතුය,0
අන් අයට ඊර්ෂ්‍යයා නොකරන්න,0
ආදරේ නිසා වෙනස් වෙන අයත් ඉන්නව ,0
නොමිලේ උපදේශන සේවා ලබා දෙන කොළඹ අවට තැන් තියෙනවා ද,0
දික්කසාදය නිසා මිලින වන මල් කැකුලු),0
අර නැන්දම්මා ගැන එක එක ඒව කිව්ව නැන්දල ටිකයි නැන්දම්මයි දැන් එකතුවෙලා මට බනිනව. ඔක්කොටම වැරදි මම වෙලා. ,1
දැන් නම් මට නැන්දම්මව පේන්න බෑ. එයා නිසා මන් husband එක්කත් රන්ඩු වෙනව.මට ඕන මේ ඔක්කොම අමතක කරල මන් මේ සදහා කල යුත්තේ කුමක්ද?,1
මගෙ යාලුවායි මායි කැම්පස් ඉන්නේ එකට මෙච්චර කාලයක් කැම්පස් වහල තිබුනා නමුත් දැන් ආයෙ කැම්පස් පටන්ගන්නවලු.,0
අපට අපෙ වයසත් එක්ක ගෙදරට බරක් වෙන්න හිතෙන්නෙම නෑ දැන් නම්. මටත් ගෙදර හිටපු කලේ හොදට දැනුනා ජිවත් වෙන්න කොයි තරම් අමාරුයි ද කියලා.,0
මට පාඩම් කරන්න ඕනේ. එත් හරිම කම්මැලි. පාඩම් කරන්න හිතෙන්නේ නැ මොනාද ඒකට කරන්න ඕනි ,1
මම ළඟින්ම ආශ්‍රය කරපු කෙනෙක් දැන් ටික කාලෙක ඉඳන් ගොඩක් වෙනස්වෙලා. එයාගෙ වෙනස වීම මට ලොකු දුකක්,1
ට දැන් ඕනි ඒ කෙනාගෙ මතකයන් අමතක කරලා සතුටින් ඉන්න. මගෙ මනසට සැහැල්ලුවක් ළඟා කරගත හැකි අභ්‍යාස මොනවාද?,1
මට මෙකට උදවි කරන්න මං තනියෙන් කියවනවා නේ...මෙක මානසික අාතතියද ??,1
වේදනාකාරී මතක අමතක කරන්නේ කොහොමද?,1
යාලුවනේ මම නිතරම අනිත් අය එක්ක මාව සංසංදනය කරල මානසිකව වැටෙනව.. කොහොමද මේකෙන් ගැලවෙන්නෙ ,1
.ඒ පාසලේ තරුණ ගුරුවරියන් මගේ වයසෙම උනත් එයාලා මාව කොන් කරනවා.,1
මම ඉන්න තැන එයාල කතාබහ කරනව හිනා වෙනවා..කිසිම කෙනෙක් මාව ගනන් ගන්නෙ නෑ.. ,1
මම ගොඩක් සමීප වෙන්න උත්සාහ කලා.විදුහල්පති උනත් ඒ අයට තැනක් දෙනවා,0
මට ගොඩක් යාලුවෝ ඉන්න කෙනෙක්.ඒත් මෙතන මම තනිවෙලා.මට මේක මානසික වදයක්..,1
දැන් ඉස්කෝල පටන් ගන්න ලගයි..මට රෑ එකපාරට ඇහැරුනත් මතක් වෙන්නෙ ඉස්කෝලේ..,0
මට වඩා සුදුසුකම් අඩු අයට ගෙවල් ලග පාසල් හම්බුනා..,0
ඇත්තටම ගොඩක් දුකයි..දුශ්කර පසලකට ඇවිල්ලත් මෙහෙම වෙන එක..ආසාවෙන් කරන්න ඕන රස්සාවක් මෙහෙම වෙන අකමැත්තක් ඇතිව කරන්න වීම ගැන දුකයි..,1
මේක මට වදයක්...හිතට සැනසීමක් ඇත්තෙම නෑ..අනේ මට උපදෙසක් දෙන්න..ගොඩක් ස්තූතියි,1
නින්ද කියන්නෙ අපි කාටත් අත්‍යාවශ්‍ය දෙයක්. වෙහෙසකර දවසක් අවසානයේ අපේ ශරීරය සහ මනස කියන දෙකම විවේක ගන්වන්න පුළුවන් හොඳම විදිහ තමයි මේ නින්ද කියන්නෙ.,0
මම විශ්වවිද්‍යාලයීය සිසුවියක්. ලබන මාසෙ මට අවසන් වසර විභාගය පැවැත්වෙනවා.අනේ මං කිසිම සුදානමක් නැහැ ,0
මට හිතාගන්න බෑ ඇයි මං මෙහෙම හැසිරෙන්නෙ කියල.හැබැයි මං හුගක් වෙලාවට ඇවිත් බලන්නෙ positiv thinking pages වල යන ලිපි.ඒව බලන්න ආසාවෙ එන්නෙ.ඒත් ඒවයෙ කියන දේවල් ක්‍රියාත්මක කරන්න හිතෙන්නෙ නැහැ.,1
අනේ මට මේ මුලු දවසම phone එකේ එල්ලිලා ඉන්න එකෙන් මිදෙන්න උපදෙසක් ලබා දෙන්න පුලුවනද්?,0
ලොකු උදව්වක් අනේ...අනේ මාව මේකෙන් මුදවල දෙන්න,1
වයස 27 දි මගෙ පලවෙනි affair එක පටන් ගත්ත.මම ගොඩක් කැමැත්තෙන් හිටපු කෙනෙක් එයා.ඒත් මට ටික දවසක් යද්දි කලකිරිල එපා උනා,1
මට ආදරේ කරන්න ඕන.ඒත් එහෙම වෙන්න ඇයි කියල මට තේරෙන්නෙ නෑ. ,0
"මට නිතරම හිතට වදදෙන දෙයක් තමයි මන් ලස්සන නැති කාලෙ කවුරුත් මට ආදරේ උනේ නෑ,දැන් හැමෝම ආදරේ කර්න්නෙ ආකර්ශනය සහ මගේ status එක නිසා නේද කියල.එතකොට හිතෙනව මේ හැමදේම බොරුවක් කියල.",1
"ඇයි මට එහෙම ටික කාලයක් යද්දි එපා වෙන්නෙ,",1
එහෙම කළකිරෙන එක නවත්තගන්නෙ කොහොමද කියල.,1
කියවන දේවල් මතක හිටින්නේ නැහැ..ඇයි ඒ ?,1
කිසිම දෙයක් එක දිගට කරගෙන යන්න බැහැ,1
අවු: 10 ට අඩු දරුවන්ට දඩුවම් කිරීම ඔබ අනුමත කරනවාද....?,0
සහකම්පනය පිළිබඳ ලියැවුණු පොත් ටිකක නම් කියන්න පුළුවන් ද කතෘ නම් සමග.,0
මට මේ වෙලාවේ ඇහුකම් දෙන්න කවෘරුත් නැද්ද..ලොකු උදව්වක් එක..මට උදව් කරන්න පුලුවන් කෙනෙක්,1
මට දාරගන්න අමාරු නිසයි මෙකට විසදුමක් ගන්නයි මන් මෙක දාන්නේ. ,1
මන් ඩිප්ප්‍රෙශන් තත්වේ ඉන්න කෙනෙක්,1
මට ගොඩක් කෙන්ති යනවා.දුක හිතෙනවා.මැරෙන්න හිතෙනවා,1
මන් කියන දෙයක්වත් එයා අහන්න ආස නැ.එයා හිතන්නේ මන් එයාව යටත් කරගන්න තියම් ඉන්නවා කියලා,0
එයාට ඔනි තරම් මට කතා කරන්න වෙලාව තියෙනවා..එත් එහෙමවත් මන් ගැන බලන්නෙ නැ වෙලාවකට..ඇහුවාම කියන්නේ එයා කතා කරන්නවත් හිතෙන්නෙ නැලු මා එක්ක..,0
මන් කවදාවත් එයාගේ සතුට නැති කරන්න් හදලා නැ..මට ඉවසන්න අමාරුයි..මට ආයෙත් පරන තත්වෙටම වැටෙයි කියලා බයයි..,1
මට හිතෙන්නෙ මන් වැරදි කියලා..මන් හින්දා එයාගේ ජිවිතේ විනාස උනා කියලා හිතෙනවා.එහෙම හිතෙද්දි කියාගන්න බැරි තරම් වෙදනාවක් ,1
පිහියෙන් ඇනගන්න හිතෙනවා.,1
.ලොකු අසරනකමක් දැනෙනෙවා.මොකද මන් මන් ගැනවත් හිතන්නැතිව එයා එක්ක හිටියේ.එත් කවදාවත් මට ඔනිම වෙලවකදි මා එක්ක ඉදලා නැ.මාව තනිකරනවා ,1
ලිස් මට උදව් කරන්න.මට මේ වෙදනාවෙන් ඉන්න අමාරුයි..මන් කරන්නේ වැරදි දෙයක්ද..එයා ගැන හිතලයි මෙහෙම තියනයක් ගත්තෙත්...එත් මට ඉස්සරහට යන්න බැ කියලා හිතෙනවා..ජිවිතයක් නැ කියලා හිතෙනවා.,1
මට කියලා දෙන කිසි දෙයක් තේරෙන්නේ නෑ. ඉංග්‍රීසියෙන් ලෙක්චර්ස් දෙන නිසා ගොඩක් දේවල් මට තේරුම් ගන්න බෑ.,0
පාඩම් කරන්න තේරෙන්නේ නෑ ඒවා. දිග ජේද ගනන් තියෙනවා පාඩම් කරන්න. කොහොමද ඒව පාඩම් කරන්නේ. කියලා දෙන්න කවුරුත් නෑ.,0
"මම ගොඩක් වෙලාවට පේපර් වලට ලියන්නේ කට පාඩම් කරලා, ඒක සාර්ථක නෑ.. ලියද්දී ගොඩක් දේවල් අමතක වෙනවා..",0
මට උදව් කරන්න මම පාඩම් කරන්න ඕන හරිම ක්‍රමය මොකක්ද..?,0
මම හිතාගෙන ඉන්නේ මම දැන් මැරැන පුද්ගලයෙක් ඵ් හින්ද මට මොනව උනත් කමක් නෑ කියල..ඵ්ක මානසික රෝගයක්ද??,1
හැම වෙලාවකදිම හිත සැහැල්ලුවෙන් තියාගන්න උත්සාහ කරන කෙනෙක්.,0
මං ගොඩක් පිරිසිදුවෙන් ඉන්න කැමති කෙනෙක්. ,0
මං ප්‍රශ්න ඔළුවෙ පුරවගෙන ඉන්න කැමති නෑ.,0
විනෝදෙන් සතුටින් ඉන්න කැමති කෙනෙක්. ඒත් ඒක අපේ අම්මාට පේන්න බෑ. ,0
මං හරි කැමැතියි සිංදු කියන්න. ,0
අම්මා කිසිම දවසක විනෝදෙන් ඉන්න කෙනෙක් නෙමෙයි. තාත්තා බීමට ඇබ්බැහි වෙච්ච කෙනෙක්. අපේ ගෙදර ප්‍රශ්න ප්‍රශ්න ප්‍රශ්න ඉවරයක් නෑ ඒ දෙන්නගේ රණ්ඩු බේරලා මට ඇති වෙලා තියෙන්නේ. ,1
මට call එකක් ආවත් interview එකකින් හරි යාළුවෙක්ගෙන් හරි එයා ඇවිල්ලා අහගෙන ඉන්නවා මං ඒවට ආස නෑ.,0
මට ඒකාකාර ජීවිතේ එපා වෙලා තියෙන්නේ. ඉගෙන ගන්මංන කාලෙ මං පොත පතේම හිටපු කෙනෙක්,1
මම ඒ කෙල්ල ඉස්සර විහිලුවක් වෙලා වගේ මට දැනෙනව.මට හැමදේම එපාවෙලා ඉන්නෙ.යාලුවා නැති කරගන්නත් බෑ.ඌ අමාරුවෙ වැටෙනවා බලන් ඉන්නත් බෑ.මම මොකද කරන්න ඕනි.,0
ඔබේ ජීවිතයත් ලෙමන් වැඩිවුණු බීම වීදුරුවක් වගේ ද ?,0
මානසිකව පීඩා විඳිමින් ඉන්නේ...,1
එක්තරා විභාගයකට ලෑස්ති වෙමින් ඉන්න නිසා papers කරනවා..ඒත් එන්න එන්නම ඒවායේ ලකුනු අඩු වෙන එක මානසික වදයක් වෙලා...තව මාසයක් වගේ කාලයක් තියෙන්නේ..මට ලොකු පීඩනයක් හිතට මේක..,1
මෙය සමත් කරගන්න බැරි වෙය් කියලා ලොකු පීඩනේකින් ඉන්නේ.....,1
කොය් විදිහටද කරන්න ඕන පාඩම් කිරීම...? නැත්තම් තව මොනවද කරන්න ඕන..? අනේ කරන්න දෙයක් කියන්න මේකට...,0
කාරුණික පිළිතුරක් බලාපොරොත්තු වෙමි.,0
කොච්චර උත්සාහ කළත්...මට එපා වෙලා ඉන්නේ..කරන්න දෙයක් කියන්න මේකට,1
තමන්ගෙ මතකය විස්වාස නැති වෙන එක රෝගයක්ද නැත්තම් රෝග ලක්ෂනයක්ද.?,1
මිනිස්සුන්ගේ ජීවිතේ සාර්ථකත්වය සදහා බලපාන ප්‍රධානම සාධකයන්ගෙන් එකක් තමයි බුද්ධිය.,0
අධික හීනමානය මානසික රෝගයක්ද?,0
ට හරියට තරහා යනවා මගේ ජිවිතේ විනාස උනනේ කියලා හිතෙනවා,1
මගේ මූඩ් එක ටක්ගාල වෙනස් වෙනවා පොඩ් දේටත් මම ගොඩාක් හිතනවා පොඩ් දේවල් ගැන.මේකෙ ඉන්න කෙනෙක් මේ දේවල් නැති කරගන්න විදියක් කියන්න පිංසිද්ද වෙයි,1
මම කාටවත් කියගන්න බැරි ලොකූ ප්‍රශ්නෙකින් පීඩා විදින කෙනෙක්.... ,1
මම වැඩිය සමාජ ආශ්‍රයට යන කෙනෙක් නෙමේ.එකියන්නේ මම සමාජයට බයයි,1
මන් දවස් ගනන් කන්නේ නැතුව කාමරේට වෙලා අඩලා ලෙඩ උනා.මොකද මට ඒක දරාගන්නම බැරි දෙයක්.මට අම්මා කෙනෙක් වගේ ලගින් හිටියේ එයා... ,1
"මේ ප්‍රශ්නෙ නිසා ගොඩාක් දුක්වින්දා,ඒනිසා මටත් ඉගෙනීම වැඩ කරගන්න එකතැන හිතක් තිබ්බ්‍ර්‍ර් නෑ,හැම රෑකම මම ඇඩුවා",1
මට එයාව එතනින් ගලවගන්න ඕනේ.මට දැන් මේක මානසිකව බලපාලා තියෙන්නේ.මම depression වලට බෙහෙත් පවා බොනවා.,1
"ගතවෙන හැම තප්පරයක්ම මන් ඉන්නේ කාටවත් කියාගන්න බැරි දුකකින්.. කියන්න කෙනෙක් නෑ මට,කීව අයත් මට කීවෙ ඔයාට තියෙන්නෙ ඊරිසියාව,ඔයාටත් කෙනෙක් හම්බුනාම ඕක ඇරිලායයි කියලා.",1
මන් ලේසියෙන් ම දුක් වෙනව.අසම්පූරණ ගතියක් මොනාහරි දෙයක් කලොත් ඒදේ මදී කියල හිතෙනව.දැන් අවුරුද්දක විතර වෙනව එහෙම හිතෙන්න අරන්.මන් කලින් එහෙම කෙනෙක් නෙමෙයි,1
මට ගැටලුවක් තියනවා.පුළුවන් නම් උදව් කරන්න.අදහසක් දෙන්න.,1
එයා මීට සති 2කට කලින් මාව දාලා ගියා..මට හිත හුගාක් රිදුණා .,1
ගෙවල්වල පොඩි කාලේ ඉදන් ප්‍රශ්න දැකලා දැකලා කලකිරිලා අන්තිමට හිටියේ මම.ඒ අස්සේ තමා මෙයා ලැබුණේ.එයාට යන්න එපා කිව්වම මම ආත්මාර්ථකාමී නිසාලු එයාව ඕනේ කියන්නේ ..,1
ඉවර කරපු නැති සම්බන්ධයක්තියෙන කෙනෙක් එක්ක සම්බන්ධ කමක් පටන්ගන්නෙපා ,0
අමාරුම කාලෙත් කාගෙන ඉදිරියට යන මිනිස්සු තමයි ජීවිතේ දිනන්නෙත් ,0
"ඉගෙනගන්න ලස්සනට ඉන්න තියන, ජීවිතේ හොඳම කාලයයි මේ ගෙවෙන්නෙ. ",0
අනාගතේ දවසක ආපහු හැරිල බලනකොට පසුතැවිලි වෙන විදිහට වැඩ කරන්නෙපා.,0
"ජීවිතේ අමාරුම වෙලාවල්වලදි අතදෙන, ළඟින් ඉඳන් හරි ලස්සනට ආදරේ කරන මිනිස්සු ඉන්නවා නංගි මේ ලෝකෙ.",0
මහපොළවට බරක් වෙලා ඉන්න ගමන් ආදරේ හොයන්න යන්න එපා.,0
ඉස්සෙල්ල ඔයා ඔයාව ගොඩදාගෙන ඉන්න. වැටුන තැනින් ගොඩ එන්න. වැදගත් වෙන්නෙ හිතේ හයිය විතරයි.,0
මිනිස්සු නං හොයාගත්තෑකි. ඉස්සෙල්ල A/l exam එක ආයෙ හොඳට කරගන්න. ,0
හොඳ result එකක් අරන් උසස් අධ්‍යාපනේට යොමුවෙන්න. ඔය එපා කියල ගිය උන් ඒවි යස අගේට. ,0
එදාට හැරිලවත් බලන්නෙපා. ඔය දේපල තණ්හාවෙ දඟලන නැන්දම්මත් දුක් වෙයි එදාට. ,0
නංගි ආදරේට වඩා පිරිමියෙක් ගැහැනියෙක්ගෙන් බලාපොරොත්තු වෙන්නෙ තමන්ට support එකක් වෙන්න පුලුවන් කෙනෙක්. ,0
දැන් කොල්ලො හොයන්නෙ ලස්සන නෙමෙයි නංගි උගත්කම. ,0
අන්නේකයි කෙල්ලෙක්ට කොන්ද කෙලින් තියාගෙන ජීවත්වෙන්න තියෙන හයිය,0
නමුත් නංගි පිරිමි හරි ආසයි ඉගෙනගන්න කෙල්ලන්ට. ,0
"මිනිස්සුන්ට වඩා බඩු භාණ්ඩ, දේපලවලට ආදරේ මිනිහෙක්. එහෙම අය එක්ක මොන ජීවිතද දරුවෝ? කසාද බැන්ද දවසක ඔයාගෙ අතක් පයක් කැඩිල ඔත්පල උනත් බලයිද එයා? අමාරුම කාලෙදි දාල යන මිනිස්සු මොකටද?",0
හොඳ හුස්මක් අරන් මෙන්න මේ ටික අහගන්න.,0
මානසික ප්‍රශ්න වලින් මීදීමට බුදු දහමේ විස්තර කිරීමක් නැද්ද?,0
"බය වෙන්නෙපා ඔයාට නැති වෙලා තියෙන්නේ ඔයාට පොඩ්ඩක්වත් ආදරේ තියෙන කෙනෙක් නෙවේ! ඉගෙන ගන්න, ජොබ් එකක් කරන්න, ඔයා stable වෙන්න.. කව්රුවත් වෙනුවෙන් නෙවේ. ඔයා වෙනුවෙන්..!",0
දවසක හිතෙයි එයාව නැති උනේ වාසනාවකට කියලා,0
මම හිතන්නේ දැනටමත් ඔයාට පිලිතුරු ලැබිලා තියෙනව හොරුන්ට අහුවෙන්න එපා,0
ඔහු නමුස්සකයකී නංගී කරුනාකර ඕකගෙන් අයින් වෙන්න,0
වේදනාවටත් අභියෝග කරන මිනිස්සු දවසක සැනසෙන්නේ ..ජීවිතේ දිහා වෙනස් වෙලා බලන්න ටික දවසකට ..,0
නංගී ඔයාට දෙයක් කියන්නම් ඔය වගේ සම්බන්ධයක් නම් ගැලපෙන්නේ නෑ,0
ඇත්තටම ආදරේ කරන කෙනෙක් ඔය කිසිම දෙයක් බලාපොරොත්තු වෙන්නේ නෑ. ඒ නිසා ඔයා සතුටු වෙන්න. ,0
ඔයා ඔයාගේ අනාගතේ ගොඩනඟා ගන්න. ඔයාට හොඳ කෙනෙක් අනිවාර්යයෙන්ම ලැබේවී.,0
කරන්න ඕනි මොකක්ද කියලානෙ අහන්නෙ.තඩි පොල්ලක් අරන් ගහලා පන්නන්න.හැබැයි මැරෙන්න ගහන්නෙපා හිරේ යන්න වෙයි ඔයාට,0
මේ ලෝකෙ අන්තිම පිරිමියා එයා උනත් ඒ පැත්ත බලන්න එපා ඔයා සාර්ථක වෙන්න හොද ජොබ්1 කරලා හොද තැනකට යන්න ඔයාගෙ කෙනා හොයාගෙන එයි,0
තාත්තා මැරිලා ඉඩම ලියං කතා කරන්න කියපු මිනිහා වෙනුවෙන් මෙහෙම පෝස්ට්1 දාන්න තරම්වත් වටින්නෑ,0
ඔයා පූරුවෙ පිනක් කරල ඔයා ඔය වගේ කෙනෙක් ගැන කසාදෙට කලින් දැන ගත්තෙ...,0
අම්මල කවුරු මොනව කිව්වත් ඔය කවුරුවත් එන්නෙ නෑ පස්සෙ දුක බෙදා ගන්න..,0
ඔය වගේ කෙනෙක් එක්ක ගියෙ නෑ කියලා ඔයා මැරෙන්නෙ නෑ.,0
හැබැයි ඔයා ලෝකෙට ඕනෙ විදිහට ගියොත් ඔය වගේ කෙනෙක් එක්ක මැරි මැරි ජීවත් වෙන්න වෙයි...,1
ඒ නිසා ඔය වගේ නොගැලපීම් ගලපගෙන බදින්න හිතන්න එපා..හොදට ඉගෙන ගෙන ඔයාට කියල හොද ස්ථාවරයකට එන්න..,0
ගොඩක් අය ඔහොම ඒවට දෙන උපදෙස් හරි තාවකලිකයි.,0
එපා තාත්තා මැරිච්ච දවසක ? එයාව ඕන නෑ කියලා අතෑරල දාන්න,0
"ආදරය සබදතාවයක් සදහා මුල සිට දරාගැනීමට, මානසික අවබෝධය සහ පුහුනුකිරීම්",0
මට චින්තිගෙ වරකා මදුල දෙන්න සැම්ඩි 🤨♥️🤩 assignments ලියලා ලියලා එපා වෙලා ඉන්නේ දැන්... 😫 #රේඩියෝශෝවිත්සැන්ඩි,0
දැන් notification පිරෙනකොට මට බනින්න එපා ඩිප්‍රෙම්සම් වෙලා ඉන්නේ 🙂💔💫,1
@Sedona_B ගෙට් නෙමේ ෆස්ට් ඉයර් ඉද්දි අවුරුදු උත්සවේ වලියකට මැදි වෙලා. වොලිබෝල් කෝට් එක අයිනේ අර ගැඹුරු කානුවකට බැහැලා බේරුනේ 😂 මගේ දෙපැත්තේ ඉඳපු උන් කෙළගත්තා කෙළගැනිල්ලක් ආයේ අවුරුදු උත්සවත් එපා වෙන්නම 😂😂😂,0
@umaadias සෙට් වෙන සෙට් වෙන කොල්ලව රවට්ටලා රවට්ටලා උන්ට ජිවිතෙත් එපා කරවලා දැන් මෙතන වැලපෙනවා කොල්ලො නෑ කියලා..කසාද බැදලා ලමයි දෙන්නෙක් එක්ක ඩිවෝස් වෙලා ඉන්න අංකල් කෙනෙක් ඉන්නවා සෙට් කරලා දෙන්නද.? ලමයින්ගෙන් කරදරයක් නෑ දෙන්නම බැදලා රට ඉන්නෙ.!,0
@DamruwaniKosala එල එල.. ජීවත් වෙලා එපා වෙලා හිටියෙ,1
මහන්සි වෙලා room එකට ඇවිත් Game එක open කරාම server අවුල් යවන්න එපා මී හරක් @LeagueOfLegends. @@#%%@#,0
එහෙම කාලයක් ලඟා කරගන්න එක මහා ලොකු දෙයක් නෙවෙයි ,0
මේ වගේ එවුං දෙතුං දෙනෙකුට සඟවපු අවුද පෙන්නුවානං ,0
පොලියට අරං කකා බිබී ඉන්නවා කාඹරෙට වෙලා මේ මාස දෙක ,0
මං එලියට යන්නෙත් නෑ ,1
එකෙකුටවත් එන්නත් එපා කියල තියෙන්නේ ,1
මගේ යුතුකම මං කරනව ,0
මොන ලබ්බක්වත් වහන්න ඕන නෑ අපි හරියට හිටියානං https://t.co/cC7lsCUu4Z https://t.co/61YvV2QOZl,0
හැබැයි ණය වෙලා නම් ඔය දේවල් කරන්න යන්න එපා තමන්ට ණය නොවි කරගැනීමට හැකි තරමට සංශෝධනය කරගෙන කරන්න ,0
ලංකාවේ ණය වෙලා මගුල් කලා ණය ගෙවන්න ණය ගන්නවා නේද?,0
ඒ වගේ  කරලා අමාරුවේ වැටෙන්න එපා ණය නොවී චාම් ලෙස කරන දෙයක් කරන්න ,0
කෝව්ඩ් රැල්ල හමුවේ තව තවත් ආර්ථිකය අමාරු විය නොහැකිද?,0
මට චින්තිගෙ වරකා මදුල දෙන්න සැම්ඩි 🤨♥️🤩 assignments ලියලා ලියලා එපා වෙලා ඉන්නේ දැන්... 😫 #රේඩියෝශෝවිත්සැන්ඩි,1
@sasini00211 ඒවා රසයි ඉස්සර. දැන් කාලාම එපා වෙලා තියෙම්නෙ,1
@GayumiKW හොඳයිනේ මේක අතාරින්න පුළුවන්නන්. එපා වෙලා තියෙන්නේ  මේක. වෙලාව 🥴💔,1
"ඇත්තටම මේ page,group කරන මිනිස්සු  නිසා මට කෑම හැදිල්ල එපා වෙලා තියෙන්නේ. මොනවහරි දෙයක් හදලා upload කරපු සැනින් උස්සලා හැම තැනම දානවා. ඒ දාන්නෙත් තනිකරම watermark අයින් කරලා. ඒ මදිවට එපාම වෙනදේ තමන් හැදුවා වගේ  ඒ කෑම ගැන විස්තරත් කියනඑක.(1/5)",0
@IshankaJayasin1 අරයා එක්ක එහෙම සම්බන්දයක් නැත්තං,0
"එයා එක්ක අරයා ගැන අරවා මේවා කියන්ඩ යන්ඩ එපා,",0
නැත්තං ඔයා එහෙ මෙහෙ උනාම,0
එයා අරයා එක්ක පැටලිලා,0
එයාගෙන් අරයට හරි,0
අරයගෙන් එයාට හරි,0
නැත්තං එයාටයි අරයටයි දෙන්නටම හරි,0
මොනවා හරි උනොත්,0
අරයටත් එයාටත් ඔයා නැති වෙලා,0
ඔයාටත් එයත් නැති වෙයි,0
අරයත් නැති වෙයි..🙃,0
@JayaniFdo මහ උන්දලා මොනා කරන්නද,0
"මහ උං මත්තේ යැපෙන්න,උපයන්න,සැනසෙන්න බලාපොරොත්තු වෙන්න එපා  ",0
ඔච්චර නීති දාල තියෙදිත් ඉන්දියාවේ ඊයේ පෙරේදා ආය දේව පුජාවක් තිබ්බේ ,0
facebook perty එකක් ඊයෙත් ඇල්ලුවේ ලංකාවේ ,0
මට බැන බැන අපේ එවුනුත් අර බොන්නේ 15ක් විතර අද සෙට් වෙලා ,0
තම හිසට තම අතමය සෙවනැල්ල,1
@nadun_don @Lovely_Paba නෑ මම කිව්වේ ඉදිකටුවක් අතට ගද්දී අම්මා බනිනනවනෙ හවස් වෙලා මහන්න ඉදිකටු අතට ගන්න එපා කියලා. ඒවගේ ගොඩක් දේවල් තියෙනවා.,0
කොස් කාලම එපා වෙලා...😖,0
මං ෆුල් ආතර් එකේ සින්දුවක් කියාගෙන නට නට ඉන්නවා. ,0
Depressed වෙච්ච යාලුවෙක් දුක හිතෙන ස්ටේටස් දානවා,0
බලෙන්ම යාලුවාගෙන් දුක අහගන්නවා,0
යාළුවා : ඔයාට මේවා කිව්වට පස්සේ මගේ හිත නිදහස් වුණා. හනේ තැංක්‍යූ හනේ 🤗💃,1
මට ඉගෙනගන්න වැඩ පවා දැන් එපා වෙලා තියෙන්නේ.රැකියාවට යන්නවත් කිසිම ආසාවක් නැ.😭😑,1
මට නම් දැන් එපා වෙලා ඉන්නෙ... මේ වැඩ කවද ඉවර වෙයිද... පිස්සු වගේ,1
@Pushpe_ එල එල මම වැඩ හවස් වෙලා කෝල් එකක් ගහන්න්න උබට අවුල් ගහන් ඉන්ඩ එපා පරිස්සමට වැඩ ටික කර ගනින්,0
දැන් notification පිරෙනකොට මට බනින්න එපා ඩිප්‍රෙම්සම් වෙලා ඉන්නේ 🙂💔💫,1
"බය වෙන්න එපා, බලාපොරොත්තු නැති කරගන්නත් එපා. මේ වසංගත තත්ත්වය ඉක්මනටම නැති වෙලා ඔයා ආදරය කරන කෙනාව ඉක්මනට සිප වැළඳ ගන්න ලැබේවි...",0
එතකම් ඔයා ඔය බැඳලා ඉන්න කෙනා එක්ක කොහොම හරි ඉවසන් ඉන්න....,0
අඩු කරපු බදු වලින් ජනතාව වෙත සහන ලැබුණු භාණ්ඩ මොනවාද ?,0
පක්ෂ භේදයකින් තොරව බලන්න එදා යහපාලනය අවසාන යුගය බඩුමිල සහ අද බඩුමිල කොපමණ වැඩි වෙලා නේද ? යහපාලනය අවසාන යුගය කිව්වා කියලා  යු.ඇන්ඩ්.පි කරන්න එපා  බොළද කතා එපා,0
@iam_AStr ඉස්සර කෑව. දැන් නම් එපා වෙලා 😐💔,1
@Sanju_Live ඔව් වෙනස් ඈන්ගල් එකකින් බලන්න ඕන හැමදාම එකම ඈන්ගල් එකෙන් බලලා එපා වෙලා 😥,0
@Us3rchang3d ලං වෙලා ටික දවසක් යද්දී එපා වෙන්නේ එකනේ..ඇයි ආදරය නිසා නෙවෙයිනේ ලං උනේ..😂💔,1
"@Wind_Desika යන්න එපා! ඔය කොරන එක තව ටිකක් develop කරගන්න, ",0
"හොද ව්‍යාවසයෙක් ද මොකෙක් ද වෙලා,",0
තව කීහිපදෙනෙක්ට රැකියා අවස්තා ලබා දෙන්න.,0
මිනිස්සුන්ට දේශපාලනේ එපා වෙලා.ඔව් ඒක ඇත්ත.ඒ උනාට දේශපාලනය නිසා ඇතිවෙලා තියෙන ප්‍රශ්ණ විසඳන්න ඕනෙත් දේශපාලනෙන්ම තමා,0
@kaviyabanis එපා වෙලා තියෙන්නෙ,1
‘පොර වෙන්න හදන්න එපා…. හැමදේටම පිස්සො වගේ හැසිරෙනවා’ ,0
"'ඒ ඕස්ට්‍රේලියාවේ; මේ ලංකාව, මේ රටට ආදරයක් නැත්තන් ඕස්ට්‍රේලියාවට වෙලා ඉන්න' ",0
‘තමුන් ඇති කතා කළා. තමුන් කතා කරපු හැටි මම දැක්ක මාධ්‍ය ජාලා වල.’ ,0
– අපූරු අධිකරණ තින්දුවක් https://t.co/jJAVT5eZdJ via @Sri Lanka Brief https://t.co/RDjllt7DqS,0
ඒ් ඕස්ට්‍රේලියාවනේ . මේ ලංකාවනේ.’ සහ ‘තමුන්ට මේ රටට ආදරයක් නැත්තන්.. එන්න එපා ඕස්ට්‍රේලියාවට වෙලා ඉන්න.,0
@djharristhecook මොකද පොඩිඩට ජිවිතේ එපා වෙලා වගේ,1
@AshinsaP ඉතිං අවුලක් ගන්න එපා..ඔයා පාස් වෙලා තියෙන්නේ අනිත් අයට අමාරුම සබ්ජෙක්ට් දෙක නේ...ඒ නිසා ඊළඟ පාර බයෝ පාස් වෙන්න පුළුවන් අනේ...☺️☺️☺️👊,0
A/L පාස් වෙලා කැම්පස් යන්නෙ ඩිග්රිය අරන් පැන්ෂන් එක ලැබෙන රජයේ ආයතනයක නිකන් ඉන්න ලැබෙන ජොබක් බලාපොරොත්තු වෙන්නම් කැම්පස් යන්න එපා මගේ යක්ක දරුවනි. ඒ විශ්වවිද්‍යාලයීය අවස්ථාව වෙන කෙනෙක්ට ගන්න දෙන්න ඒක පිනක්. 😶😶,0
"A/L පාස් වෙලා government campus එකකට යන්න, ගිහිල්ලා එතනින් ගොඩ යන්න ආසාවක් තියෙනවා නම් facebook එකෙයි හැමතැනම ඉන්න දාර්ශනිකයො කියන කතා අහලා shortcut හොයන්න යන්න එපා.",0
ඒත් එහෙම කැමැත්තක් නැත්නම් A/L කරන්න ජීවිතෙන් අවුරුදු 3ක් කැප කරන්නත් එපා. යන්න වෙන ඕන තරම් මාර්ග තියෙනවා.,0
A/L  ලියපු මල්ලිලා නංගිලා.. පුදුම වෙලා වගේ රිසල්ට්ස් දිහා බලන්න එපා.. තමන් ලිව්ව ඒවායේ ප්‍රතිඵල තමයි ඇවිත් තියෙන්නෙ.. එතනින් ලෝකය ඉවර නෑ..,0
@optimuspnj 😌 තැන්කූ ටුවිට් එකට.,0
දැන් පැයක් දෙකක් යනකන් කෝටිපති හැඟීමෙන් ඉදතෑකි. එපා වෙලා හිටියේ.,0
@chathu_raaaj එහෙම කියන්න එපා අක්කිඕ...ඉගෙනීම තියෙන්න ඕනේ..උන් රගනවා විතරයි..කිව්ව්ටු වෙලා බලන්න ලෝන් දාලා කරලා තියෙන ගොන් වැඩ.. අක්කි හොදට ඉගෙන ගන්න..හදිස්සි වෙන්න එපා සල්ලි හොයන්න,0
@madushi_pavi අකමැත්තෙන් SE කරන්න දෙන්න එපා. ,0
අපි මේ කැමැත්තෙන් කරලත් එපා වෙලා ඉන්නේ 🥴🥴,1
@AyNaGsEuL101 ෆොටෝශූට් කරලා එපා වෙලා ඉන්න ඇත්තේ. 😌,0
සිහින අසපුවෙි ඔබ හා මා,0
රැදි සිටින්නමි තුරැලු වෙලා,0
එපා එපා වෙනතක දැවෙන්නට,1
පියවි ලොවෙි මා හමුවන්නමි...🎧,1
@Lahiru_Shalith හැම එකෙන්ම සිග්නල් අඩුයි බන් . එපා වෙලා ඉන්නෙ,0
නමුත්.... මේ එන පීඩනේ එන කෙනාට පිට කර ගන්න ක්‍රමයක් තිබ්බ නම් සියදිවි නසා ගන්න අය බේරෙන්න තිබ්බ.,1
අමුවෙන් මස් කාල එපා වෙලා මේක වෙන ක්‍රමේකට කන්න ඕන කියල පුච්චගෙන කන්න හිතිලා ගින්දර හොයා ගත්ත වෙන්න පුළුවන්.,0
පයින් ගිහිල්ල එපාම වෙලා ගමන් පහසුව තකා වාහන හොයා ගත්ත වෙන්න පුළුවන්.👇,0
@Us3rchang3d වැඩිය හිතන්න එපා.ඒ අක්කා මේ දවස් වල මෝල් වෙලා ද කොහෙද?😌🥲,0
@ExcuzeMiii @udara_grero කරමු කරමු ඒක ජොලි.. මේකෙ තියන ගෑණු පිරිමි ප්‍රස්න දැකලා එපා වෙලා😒🤧💔,0
@NisaliPathirana එපා වෙලා තියෙන්නෙ දැන්නම් 😒,1
ඔය බොළද කවි ලියන කිවිඳියෝ පපුවට තුරුලු වෙලා ඒ උනුහුමට බඩගින්නෙ මැරිල යන්ඩ ආසයි ගගා වැලලුනාට ගොනා වගේ රැවටෙන්ඩ එපා.. ,0
සත්‍ය අවබෝධ කරගන්න ,0
මෙලොව සිහියට පැමිණෙන්න,0
මුලු දවසම ඇඳට වෙලා ෆෝන් එක ඔබ ඔබ ඉන්න,0
ෆේස්බුක් විචාරකයන්ගෙ වචන වලට රැවටිලා,0
"කිහිලි ලෙවකන්නයි, කනේ මයිල් හපන්නයි ගිහින් ",0
නිකාන් බොරුවට ගෑනුන්ගෙන් ගුටි කන්ඩ එපා..,0
උන්ට හොදට කන්ඩ බොන්ඩ දීල දවසම නිදාගන්ඩ දියන්,0
@Rasthiyaduwa මේ එපා යකෝ ඔලුව කොලොප්පන් වුනා! 😐,0
කාගේද මංදා කලටිපොල් ට්වීට්ස් රාසියක් දැක්ක එක පෙලට... කියන්ඩ සන්තෝසයි දේසපාලනේම එපා වුනා..,0
ලව් සීන් එක දැකලම එපා වුනා 😂💔,0
@AkilaSR මොන සැපද මට නම් එපා වුනා..... 😬😬😬,0
@isura PCR positive කියලා ආවම බයට සියදිවි නසාගත් අයත් ඉන්නවා .බහුතරයක් අවුරුදු 60 ට වැඩි අය.,1
ඒ වගේම තමයි ගොඩක් අය  මානසික ආතතිය නිසා දුක් විඳිනවා.,1
@AshWarunasuriya ඔය කියන පිරිමි 13 දෙනා වෙනත් ස්ත්‍රීන්ගෙන් දිගින් දිගටම ප්‍රතික්ෂේප වෙලා ...අන්තිම තුරුම්පුව වෙච්ච කජාර්ගෙන් අහල ඒකිත් බෑ කිව්වට පස්සෙ කරකියාගන්න දෙයක් නැතුව සියදිවි නසාගත්තා වෙන්න බැරිද ...😅,0
සිර දඩුවම් ලබා අගුණුකොළපැලැස්ස බන්ධනාගාරයේ රඳවා සිටින රන්ජන් රාමනායක මහතා සියදිවි නසා ගැනීමට උත්සාහ කර ඇති බවට පළවන වාර්තා අසත්‍ය බව බන්ධනාගාර දෙපාර්තමේන්තුව පවසයි. ,0
රන්ජන් සියදිවි නසා ගැනීමට උත්සාහ කළ බවට පළවූ වාර්තාව ගැන බන්ධනාගාරයෙන් ප්‍රකාශයක්,0
සිර දඩුවම් ලබා අගුණුකොළපැලැස්ස බන්ධනාගාරයේ රඳවා සිටින රන්ජන් රාමනායක මහතා සියදිවි නසා ගැනීමට උත්සාහ කර ඇති බවට ...,0
වැඩි විස්තර - https://t.co/Z8P7SrzJ4E https://t.co/1QmYgXNoNd,0
රන්ජන් සියදිවි නසා ගැනීමේ උත්සාහය ගැන බන්ධනාර මාධ්‍ය ප‍්‍රකාශක පහදයි.. https://t.co/DSW41l2jhP https://t.co/n69FdahoyF,0
අඩෝ රන්ජා හිරේ ඇතුලේ සියදිවි නසාගන්න හදලා 😶✌️,0
Qajar princess (කජාර් කුමරිය) පර්සියාවේ හා 19 වන සියවසයේ අලංකාරත්වයේ සලකුණ😐,0
@SuuTikka හිතනවා ඇතිනේ. ඒත් දැන් ආදරය සම්බන්දව සියදිවි නසාගැනීම් වැඩියි නේ.,1
ආදරේ කරනවා කියලා ටයිම් පාස් කරන උන්ට ඒ විදිහට තකට තක සෙට් වෙනවා.උඹට තියෙන්නේ උබේ ගමන යන එකයි.සියදිවි හානි කරගන්න එක ඒකට උත්තරයක් නෙමේ.4/4✌,1
පුද්ගලයෙකු දුම්රියට පැන සියදිවි නසා ගනී,0
මෙයාගෙන් අහලා මෙයාවත් කැමති වුන් නෑ කියන්නේ ඉතින් සියදිවි හානි කරගන්න තමා තියෙන්නේ,1
මීරිගම ප්‍රදේශයේදී දුම්රියට පැන පුද්ගලයෙකු සියදිවි හානිකරගෙන තිබේ.,0
ඇය කැමැත්ත ලබා නොදුන් දුකට පිරිමින් 13 දෙනෙකු සියදිවි නසාගෙන පවා ඇත,0
වැඩි විස්තර - https://t.co/OKvtZ3njSe https://t.co/NsOpmW4OCR,0
නමුත්.... මේ එන පීඩනේ එන කෙනාට පිට කර ගන්න ක්‍රමයක් තිබ්බ නම් සියදිවි නසා ගන්න අය බේරෙන්න තිබ්බ.,1
අමුවෙන් මස් කාල එපා වෙලා මේක වෙන ක්‍රමේකට කන්න ඕන කියල පුච්චගෙන කන්න හිතිලා ගින්දර හොයා ගත්ත වෙන්න පුළුවන්.,0
පයින් ගිහිල්ල එපාම වෙලා ගමන් පහසුව තකා වාහන හොයා ගත්ත වෙන්න පුළුවන්.👇,0
@Jude_H_Fernando මූ ලියුමක් ලියලා සියදිවි හානි කරගත්තොත් උබ තමා ඈ 😐😐,1
ප්‍රවේශමෙන්,0
එයාගේ කතාව අහලා හොඳට හිටපු මගේ ජිවිතේ එපා වෙලා  depressed වෙනවා,1
එපා වෙලා බං ඉන්නෙ!! හැම ගෙදරකින්ම එලෝනවා. ජොබ් එකක් දීපංකො,1
ගොඩක් වෙලාවට මගේ යාළුවෝ මට මේ දේවල් ගැන දවසගානේ විස්තර එවනකොට තමයි මමත් මේ දේවල් ගැන දකින්නෙත්. මෙච්චර මහන්සි වෙලා ඉගෙනගන්න දේ මිනිස්සු කිසිම ගාණක් නැතුව හෑල්ලු කරද්දී ආසාවට කරන දේ වුණත් එපා වෙනවා. මගේ ෆොටෝ ගත්තු අයගෙන් ඒ ගැන විමසුවම ඒ හැම කෙනාම දෙන උත්තරත් ඒ වගේ ,1
"මාව දෙපාරක් A/L ටියූෂන් පන්ති වලින් එලියට දාලා තියෙනවා, කතා කලාට. එක පාරක් ග්‍රේරු සර් නූගේගොඩ රොටරියෙන්. අනිත් පාර කේසිරි සර් ගම්පහ සමාධියෙන්. හෙන ළමයි ගොඩක් ඉස්සරහ.",0
"ලැජ්ජාව මිසක් පොඩ්ඩක්වත් තරහක් ආවේ නෑ, වැරැද්ද මගෙනෙ. ඊළග දවසේ ඉඳලා ආයෙත් ගියා. තාමත් ඒ දෙන්නටම හුඟක් ගරු කරනවා.",0
@scd007dsk උන් දෙන්නම මාව දාලා ගියා 🤭,1
"ඒක ඉවසගන්න සහ දරාගන්න බැරිව ඒක නරකයි කියලා අරගෙන ඒකට බයෙන්, දුකෙන් හා/හෝ තරහෙන් කම්පා වෙන එක සහ ඒකට විරුද්ධව අරගල කරලා දිනන්න හදන එක තමයි ප්‍රශ්ණය...",1
මේක පිටින් බැලුවම මහ පිස්සු කතාවක්... ඒත් මේක ආධ්‍යාත්මිකව බැලුවම වැදගත් කතාවක්!,0
අනුන් තමන්ට පහර දෙන එක හෝ වධ දෙන එක නෙමෙයි ප්‍රශ්ණය...,0
"අනුන් තමන්ගෙ නිදහස නැති කරන එක හෝ හිර කරගෙන ඉන්න එක නෙමෙයි ප්‍රශ්ණය... ඒක ඉවසගන්න සහ දරාගන්න බැරිව ඒක නරකයි කියලා අරගෙන ඒකට බයෙන්, දුකෙන් හා/හෝ තරහෙන් කම්පා වෙන එක සහ ඒකට විරුද්ධව අරගල කරලා දිනන්න හදන එක තමයි ප්‍රශ්ණය...",0
අනුන් තමන්ට බනින එක හෝ ඇනුම් පද කියන~,0
වැස්සෙ පාර තෙමිලා තියෙද්දිත් වෙට්ටු දදා බයික්වල යන කොල්ලො හරි බයෙන් ඉන්නෙ චීන රොකට් එක ගෙවල් පැත්තට කඩා වැටෙයි කියලා....,0
"මාසේ අන්තිම සංචරණ නීති දැම්මා මාතලේ, පලාපත්වලට අදට සතියක්. වැදගත් තීරණයක්. ඒත්  කිසිම ආකාරයක අත්‍යවශ්‍ය දෑ සපයන කිසිම පහසුකමක් නෑ. කියන්න කෙනෙක් නෑ. හැඳුනුම්පත් අංකය විදියට වත් බඩු ගන්න විදියක් නෑ. @GotabayaR #lka #SriLanka තවමත් #COVID19LK බයෙන් නීතියට අවනතව ගෙදරට වෙලා ඉන්නේ.",0
@Disapamok ඒ කාලෙ මරු. ලියුමක් ලියන්නෙත් හෙනම බයෙන්.හොරෙන්. ලියලා ඒක දෙන්නත් හෙනම කට්ටක් කන්න ඕනෙ. ඒකට උත්තර ලැබෙනකන් ඊට පස්සෙ බලන් ඉන්නත් ඕනෙ.,0
@nsadisha @tikirimaarie @SenaraShavi @vidubhashini සසිඳු දැන් ඉස්සර තරම් මහත නෑ නේද. ඒ කාලේ බයෙන් හිටියෙ මහතයි කියලනෙ උඹ... කෙට්ටු කොල්ලයි මහත කෙල්ලයිත් ලස්සනයි. 😌,0
"මම AL කරාට පස්සේ ගමේ,office අයගේ ළමයි හොඳ meter එහෙම මට වඩා results දාවි කියලා අම්මා බයෙන් හිටියේ,",0
ඉස්කෝලෙ විභාගෙට හොදට face කරලා හෙන ලොකුවට ලකුණු අපිට කිය කියාත් හිටියෙ. Term test එකට M 30 P 40 C 20 ගණන් ගත්ත මාව උන්ට pass කරන්න බැරි උනා.,0
Exam එකට බය නොවී හිටපු නිසාද කොහෙද 🤷,1
EX ට පිං පිනිස මේ ට්විට් එක 🥴 එයා නැත්තම් මම අද බයෙන් .,0
"""කොයිවෙලේ අතාරින්න වෙයිද කියලා බයෙන් ඉන්න නිසා...""",1
"""හ්ම්ම් එතකොට...""",0
"""නිදහසක් නැති බැඳීම්ක හිරවෙලා ඉන්නවට වඩා, එයාටත් නිදහස දීලා මමත් නිදහස් වුණා...""",1
ඉතිං ඇත්තටම සමහර ආදර කතා තියනවා ',0
ගැලපෙනවා කියලා ලංකරගත්ත වුණත්,0
කාලයක් යනකොට තේරෙනවා ,0
ඒ බැඳීම් නිසා නිදහස අහිමිවෙලා කියලා ,0
@DukeTheDog__ ටිකක් බයෙන් වගෙත් යන්නේ..🤭🤭❤️,1
A/L ලියල අද result එන නිසා බයෙන් ඉන්න  අය rt කරගෙන යන්න 🤨,0
@SampathRuwanpa4 අයියෝ අපි මේ බයෙන් ඉන්නේ 😬😬 එහා ගම lock down ලු.. මුන් ඉන්නේ border එකේ 😬😬,1
ගැහැණිය ,0
ප්‍රේමය ඉදිරියේ හඬා වැටෙයි,1
රණ්ඩු වෙයි,0
වැඳ වැටෙයි,0
වේදනාව තනිවම දරා ගනී,1
ප්‍රතික්ෂේප වීම් ඉවස ගෙන පැත්තකට වෙයි,0
හැරයන්නට හේතු,1
සියයක් ඇස් පනා පිටම තිබෙද්දිත්,0
ඇය ඔහු හා රැඳෙන්නට හේතු සොයයි,0
වැරදි තමා පිට පටවා ගනී,1
ඔහුගේ වැරදි හාරවුස්සන්නට නොයයි,0
අහිමි වේයැයි බිය වෙයි...,1
වේදනාව කී ඇගේ සෙනේ,1
මා පැතූව ලෝකයේ,0
වාසනාව පාවුනේ කොහේ,0
මට වේදනා තිළිනේ පුදා,1
හසරැල් සලා ඈ මිදීල යාවි මා දමා,0
මා දෑසේ ආදරේ හැඟුම් ලියා තියා,0
ඈ කව්දෝ මා හදේ හැඟුම් වශී කලා,0
පාරාදීසේ මා දමා,0
පාලුවේ ඈ ගියා...,1
පියතුම නැති දා ඉදලා..,0
ගියෙ නෑ මා තනි කරලා..,0
කුස ගිනි මට නොම දීලා..,0
දුක වේදනාව නිවලා..,0
අම්මේ ඔබ බුදු වේවා..!! ❤️🙏,0
"ගර්භණී සමයේ ඇතිවිය හැකි අවදානම් සංඥා” ගැන ඔබ දැනටමත් දන්නවා ඇති. නැවත වරක් ඒවා මතක් කර දෙනවා නම්, උණ, රුධිර වහනය, තද හිසරදය, හුස්ම ගැනීමේ අපහසුතාවය, පෙනීමේ අපහසුතාවය, වලිප්පුවFit), පපුවේ/උදරයේ වේදනාව, දරුවා දැඟලීමේ අඩුවක්, සිරුරේ ඉදිමීම, හෝ වෙනත් ඕනෑම තදබල අපහසුතාවක් අවදානම්",0
ආසාවෙන් දැකපු හීන ,0
ඇස් ඉදිරියෙදිම වැල ලිලා යද්දි ,0
දෙනන වේදනාව ,1
වචන වලින් කියාගන්න බෑ...🖤,0
"@deshanlasitha7 සමතැනට වඩා නිසිතැන ලැබීම ප්‍රමාණවත්.දහිරිය ඉවසිම ගැහැනුන්ට එදා ඉදලා අව දෙයක්.ලෝකයේ දරුණුතම වේදනාව උසුලන ඇයට ඉවසිය නොහැකි දෙයක් නැහැ.සමාජය ටිකෙන් ටික වෙනස් වෙලා කාලයත් එක්ක වෙනස් වෙයි.ඒත් මිනිස්සුන්ගේ කුහක ඉර්ශියා අමන අසූචි පොන්නකම් නැති වන්නේ නැත.ගතිලක්ෂණ,එතුල සිදුවිය හැකිදේ ඇත",0
@Colombo_Ladyy පොඩ්ඩක් ඇදලත් බැලුවා. හම්මේ වේදනාව,0
ඊට පස්සේ ඊලඟ ක්ලිප් එකේ තියෙන්නේ ඒ කොල්ලා කාමරේ එල්ලිලා ඉන්න එකක්.ආදරේ වියෝව ගොඩක් අයට එක එක විදිහට හිතට දැනෙනවා.හිත හයිය උන්ට ඒ වේදනාව සාමන්‍යයි ඒත් ගොඩක් emotional එකාට ඒක දරාගන්න බැ.එහෙම එවුන් පුලුවන් තරම් ඌගේ ලයිෆ් එක පැත්තෙන් මෝටි⁣⁣වේට් කරන්න ඕන.2/4,0
@namila007 මේ වගේ සුන්දර ගීත වක්‍රෝක්තියෙන් ලියැවුණු පද වැල් තිබුණු කාලෙ දැන් ඉවරයි..,0
අද තියෙන්නෙ හිතේ තියෙන වේදනාව අමුවෙන් අඳෝනාවක් විදියට කියන සිංදු.. විලාපයක් විදියට ලියැවුණු පදවැල්..  ,0
"""ආයෙත් වරක් මට වඩා හොඳ කෙනෙක් හමුවේවා කියා ඔබට මා පතනවා .. කියා මැරෙන්න ඔන්න මෙන්න තියලා වගේ ලියපු ඒවා",1
@TharinduDeshan_ තොට තේරෙන් නෑ මගෙ වේදනාව 😒💔,1
''අතීත...වර්ථමාන...අනාගත,0
යන තුන් කල්හීම,0
පුහු හරි මෝඩ මාණ්‍යය කරපින්නා,0
සසර පුරා ම ගැලවීමට ,0
අරිමග නොදැක නොදැන...පවිටු කමින් වස්සා ගෙන,0
දුක වේදනාව ම කරපින්නා...,1
මර විලාප නගනා හඩ,0
ළග ළග ම ,0
අහෝ...ශ්‍රවණය වේ ...'' !,0
"මේ මනුස්සයා  මාව බ්ලොක් කරලත් මගේ ගැන ඇයිද දන්නේ නැහැ මෙච්චර වදවෙන්නේ, අපි මහන්සියෙන් දෙයක් ඉගෙනගෙන කරපු නිර්මාණයක් මිනිස්සු ඔය විදියට හොරකම් කළාම ඒකේ වේදනාව තියෙන්නේ අපිටමයි. පැහැදිලි කරලා තියෙන්නේ වෙනම දෙයක් මේ මනුස්සයා කියන්නේ තව දෙයක්.",1
තෙළ සිදින්නා ම ... ,0
@ItsDonPeter වේදනාව වේදනාවක් වෙනකොටනම් මාරම වේදනාවක් තමයි නේ 🙄,1
වේදනාව මිනිස්සු වෙනස් කරනවා...😇 සමහරු ජීවිතේම අඳුරු කරගන්නවා..⚠️  සමහරු නපුරු වෙනවා...🙆🏻‍♂️  ඒ වගේම තවත් සමහරු ජීවිතේ දිනනවා...💎💫,1
             ඔබගේ වේදනාව ඔබගේ ගමනට ශක්තියක් කරගන්න...💥🍃,0
ආදරයේ වේදනාව,1
හිතට දැනෙන යම් දවසක,0
හුදෙකලාවේ තනිවී ඔබ,1
ආදරයේ වේදනාව ,1
දිනකදි ඔබහට දැණේවි,0
ඒ දැණුනම මගෙ හී වෙත,0
ඔබ නිහඬව බැණ වදීවි,0
"@Bandula07160007 @Udayawickramar1 පගා ගන්න හරි කොරපු සංවර්ධනය වැඩක් කියනවද නිර්පාක්ෂික සහෝදරය, මහින්දගෙ සංවර්ධනය වැඩ ගැන කියනකොට පු@# ඉත්තෑවො දුවන්නෙ උඹලගෙ නිර්පාක්ෂික කම පේනව, වේදනාව පෙන්වන්නෙ නිර්පාක්ෂික කමනම් නෙවෙයි බ්‍රෝ.😂😂😂 එක්කො සජ්ජගෙ බිජ්ජෙක් නැත්තන් පොල් ලෙල්ලෙක්😂😂",0
@AkilaSilva8 මිහිර රදවන වේදනාව😂,0
@imVedda කොච්චර වේග සීමා දක්වලා තිබ්බාත් . ම්නිස්සු එවා සැලකිල්ලට ගන්නෙ අඩුවෙන්. මෙයාට වැදුනු වේදනාව වගෙම  ගොඩක් බයවෙලාත් ඇති. අලින්ට පාර මරැවෙන්න ආරක්ශිත තැනක් හදලා දෙන්න ඔනි.,0
@Ranindu_ විරහ වේදනාව නිසා ජීවිතය ජය ගත් පුද්ගලයෙක්,0
දුක වේදනාව ඉතා හොඳින් හඳුනන ඉතාලි ජාතිකයෝ ..,0
මානුෂිය වගකිමක්ලෙස  ලෝකෙටම 12ක් පමණක් තිබෙන ,0
 🇮🇹ඉතාලියේ ඔක්සිජන් නිශ්පාදන යන්ත්‍රය ඉන්දියාවට...❤️🙏❤️,0
"ඔවුන් කියන්නේ ආදරය වේදනාව, හොඳයි සොඳුරිය, අද රෑට රිදමු",0
"මෙම ආදරය වේදනාවක් නම්, පැටියෝ අද රෑට ආදරය කරමු",0
ආදරයක ඇති වේදනාව දැනෙනා වූ දාක...,1
සිහිවෙයීද මගේ සොඳුරිය බිඳුවක් යලී මතක....,0
@ItsMeKande රැවටුනේ මමයි .. පැරදුනේ මමයි .. වින්ද වේදනාව දන්නේ.... දෙයියො විතරමයි😒,1
@ajplus මොදිගේ හැකියාව හා සිස්ටම් එක මගින් ජනතාව දුක හා වේදනාව පමණක් ලගා කර දී ඇත #covid19 #coronavirusindia #srilanka,0
@milzybud එහෙනම් ඔයාට තේරෙනවා ඇති ඒ වේදනාව මොන වගේද කියලා :),1
මොදිගේ හැකියාව හා සිස්ටම් එක මගින් ජනතාව දුක හා වේදනාව පමණක් ලගා කර දී ඇත,0
ඒත් බැලුවා ඇයි මේ මහජන සෞඛ්‍ය පරීක්ෂකවරුන්ගේ සංගමයේ සභාපති උපුල් රෝහණ උත්තමයාට මෙච්චර රට අවුලන්න තියෙන වේදනාව මොකක්ද කියලා.. දැන් නේ තේරුනේ... රාජිතගේ ගෝලයෙක් නේ...ඔබ තුමාට රට අවුලන්න සියලු දෙවි දේවතාවුන්ගේ ශක්තිය ලැබේවා,0
සද තරු නැති ,0
ඝන කළුවරේ,0
ගල්තලාවක ලන්තෑරුම් එළියෙන්,0
ජිවිතයක් සොයනා ,1
ආගන්තුක මිනිසා මමයි,0
මියැදෙන දිවයට ,1
සෙනහසක් යදිනා,0
ආගන්තුක මිනිසා මමයි ,0
තනිකම රජයන ඝන කළුවරේ ,0
නිදිබර දෑස විඩාවෙන් ,0
තරු එළියක් සොයනා ,0
ආගන්තුක මිනිසා මමයි ,0
නිසසල හදවත සිසිලසින් තැවෙනා ,0
ආගන්තුක මිනිසා මමයි,0
"ලොවම නැවතිලා, නිහඬයි වටේ",0
තනිකම පාළුව දැවටී වතේ,1
දුරකතනයකින් ඔබ අමතාවී,0
සිතමින් ඉන්නෙමි තනි ලොකයේ...,1
@sewwand8272671 ඒක ඇත්ත ඒක ඇත්ත...තනිකම හොදා ප්‍රශ්න අඩුයි....😌🐒,1
@HeartOfMonkeys අපෝ තනිකම හොඳයි.,1
ඊට වඩා කරන්න ගොඩාක් දේවල් තියනවා😐😐😐,0
තනිකම සමහරු විඳවද්දි මං ඒක නිදහසක් කරන් විඳිනවා.✨️,1
ලොවම නැවතිලා නිහඩයි වගේ ,1
තනිකම පාලුව දැවටී වටේ....,1
තනිවෙලා අඩන්න ඕනේ,1
"තැන් වලත්,",0
⁣හේතු හදාගන හිනාවෙලා,1
තනිකම මකා ගන්නනේ,1
නුඹ එක්ක,0
කවදම හරි දවසක් ඒවිනේ,0
කියන බලාපොරොත්තුවෙන්,0
සැනසෙන්න හදවතින්,0
නුඹ එක්ක ❤️,0
#සිතක්_ගැන,0
පාළුව තනිකම මකාගන්න..මක්ක.. මක්ක..ලාබයි..ලාබයි..💠😒,0
.රාගය ගැන දන්නෙ මෙට්ටෙ ,0
.ප්‍රේමය ගැන දන්නෙ කොට්ට ,0
.තනිකම ගැන දන්නෙ රෙද්ද,0
දුක සිතෙන්නේ අපටම පමණද,0
තව සුසුම් වල උණුසුම මොකටද,0
මට තියෙන්නෙ තනිකම තනියට,1
ඔබ සිඹින්නෙ මගෙ සිත විතරද ...!!,0
#රේඩියෝශෝවිත්සැන්ඩි,0
"ලොවම නැවතිලා, නිහඬයි වටේ",0
තනිකම පාළුව දැවටී වතේ,1
දුරකතනයකින් ඔබ අමතාවී,0
සිතමින් ඉන්නෙමි තනි ලොකයේ ...!!,1
#රේඩියෝශෝවිත්සැන්ඩි,0
නුපුරුදුම ආදරේ,0
එක හිතට යා කරන්,0
"නවතින්න හදවතේ හිතුමතේ, දුර ගිහින්",0
ඉකිබින්ද ජීවිතේ,0
තනිකම මැකී ගිහින්,1
තව ඉඩක් නෑ හිතේ,0
නුඹට දුන්නා තරම්....❤😘,0
තනිකම හුරු දෙනෙත පුරා,1
උණු කඳුලැලි රූරා ගියා ,0
ඔබ නෑ නෙත් මානේ ,0
හමුවේවිද ආයේ,0
ආදරේ තිත්තයි මේ ගෙවන තනිකම පට්ටයි 💔❤️‍🔥කියලා දාන්න හිතෙනවා වෙලාවකට 😌😌😌😌😌😌😌😌,1
මොලය තනිකම හොයද්දි ,1
හදවත ආදරය හොයනවා...❤️🐒,0
සමහර ,0
ආදර කතා වල තිබුනේ,0
ආදරය විතරක්ම නෙවෙයී...,0
#කවි_සිතළු ,0
@dulakshi_g මේ කාලේ ගෙදරට වෙලා ඉන්න නිවාඩු වැඩිපුර ලැබෙනවානෙ..සැමියා හෝ අනෙක් අයත් ගෙදරම ඉන්නවා මවට හොද කෙයා එකක් ලැබෙනවා ඇති.. ඇරත් දරුෙවක් නැතුව ඉන්න ජෝඩු වලට පාලුව තනිකම දැඩිව දැනෙනවා ඇති ලොක් වෙලා ඉද්දි.,0
@_NayanatharaJ දැන් අපි තනියෙන් ඉන්න වෙලාවටම විතරක් නෙමෙයිනෙ.. අපි කට්ටිය එක්ක ඉන්න වෙලාවටත් මෙකෙ.. කොහෙ හරි ට්‍රිප් එකක් යනකොටත් මෙකෙ.. අපිම දකිනවනෙ කපල් එකක් ඩෙට් එකකට ඇවිල්ලත් දෙන්න පොන් එකෙ.. තනිකම යවාගන්න නෙමෙ එක් මොලෙට stimulation වෙලා. මෙක ගැන එපිසොඩ් එකක් දානව.. අදහස් දෙන්න එකතුවෙන්න,0