text,label
"‡∂∏‡∂ß ‡∂ö‡∑í‡∂∫‡∂±‡∑ä‡∂± ‡∑Ñ‡∑ê‡∂∏‡∂Ø‡∑ô‡∂∫‡∂ö‡∑ä‡∂∏...
‡∑Ñ‡∑í‡∂≠‡∑ö ‡∂≠‡∑í‡∂∫‡∑ô‡∂±‡∑è ‡∂Ø‡∑î‡∂ö ‡∂±‡∑í‡∑Ä‡∑ô‡∂±‡∑ä‡∂±..
‡∑Ñ‡∂Ø‡∑ö ‡∂ú‡∑ê‡∑É‡∑ä‡∂∏ ‡∂Ø‡∑ê‡∂±‡∑ô‡∂±‡∑è ‡∂≠‡∑ê‡∂±‡∂ö...
‡∂∏‡∂Ç ‡∂Ü‡∑É‡∂∫‡∑í ‡∂Ö‡∑Ñ‡∂±‡∑ä ‡∂â‡∂±‡∑ä‡∂±. #Sajje",0
@TheToka920 ‡∂ë‡∂ö‡∂¥‡∑è‡∂ª‡∂ß‡∂∏ ‡∂∏‡∂∫‡∑í‡∂ö‡∑ä ‡∂ë‡∂ö ‡∂ú‡∂±‡∑ä‡∂± ‡∂ë‡∂¥‡∑è.. ‡∂¥‡∑ú‡∂©‡∑ä‡∂©‡∂ö‡∑ä ‡∂∂‡∑í‡∂¥‡∂Ç. ‡∂ë‡∂≠‡∂ö‡∑ú‡∂ß ‡∂Ø‡∑î‡∂ö ‡∑Ä‡∑ê‡∂©‡∑í ‡∂ã‡∂±‡∑è‡∂∏ ‡∂Ö‡∂©‡∂±‡∑ä‡∂± ‡∂ã‡∂±‡∂≠‡∑ä ‡∂¥‡∑î‡∂Ω‡∑î‡∑Ä‡∂±‡∑ä üòÇ,0
"RT @Pramuditha_M: ‡∂â‡∂≠‡∑í‡∂±‡∑ä ‡∂±‡∑î‡∂π ‡∂≠‡∑Ä ‡∂Ø‡∑î‡∂ª ‡∂ú‡∑í‡∂∫‡∑ù‡∂≠‡∑í‡∂±‡∑ä
‡∂∏‡∑è‡∑Ä ‡∂Ö‡∂∏‡∂≠‡∂ö ‡∂±‡∑ú‡∑Ä‡∑ô‡∂±‡∑ä‡∂±‚Äã
‡∑Ñ‡∑í‡∂≠ ‡∑Ñ‡∑ê‡∂Ø‡∑ô‡∂±‡∑ä‡∂±‡∂ß ‡∂Ø‡∑î‡∂ö ‡∂±‡∑í‡∑Ä‡∑ô‡∂±‡∑ä‡∂±‡∂ß
‡∂∏‡∂ß‡∂≠‡∑ä ‡∂ö‡∑Ä‡∑í‡∂∫‡∂ö‡∑ä ‡∂Ω‡∑í‡∂∫‡∂±‡∑ä‡∂±‚Äã
#sajje https://t.co/nz1MrlD58z",0
"RT @r_evarts: ‡∑É‡∂∏‡∑Ñ‡∂ª ‡∂ã‡∂±‡∑ä‡∂ß ‡∂Ø‡∂ª‡∑è‡∂ú‡∂±‡∑ä‡∂± ‡∂∂‡∑ë,,
‡∑Ñ‡∑ê‡∂∂‡∑ê‡∂∫‡∑í ‡∂å ‡∂ã‡∂ú‡∑ô ‡∂ú‡∂∏‡∂± ‡∂∫‡∂±‡∑Ä‡∑è.!!! https://t.co/4wmTg7rfLW",0
"‡∂∏‡∑ö ‡∑Ä‡∑í‡∂∫‡∂Ø‡∂∏‡∑ä ‡∂Ø‡∂ª‡∑è‡∂ú‡∂±‡∑ä‡∂± ‡∂∂‡∑ë ü•≤üòß,  suger mama ‡∂ö‡∑ô‡∂±‡∑ô‡∂ö‡∑ä ‡∂ï‡∂±‡∑í üòãüòÅ",0
"‡∂∫‡∂±‡∑Ä ‡∂±‡∂∏‡∑ä ‡∂±‡∑î‡∂π ‡∂à‡∂≠ ‡∂Ø‡∑î‡∂ª‡∂ö‡∂ß
‡∂∏‡∂ß‡∂≠‡∑ä ‡∂±‡∑ú‡∂ö‡∑í‡∂∫‡∂∏ ‡∂±‡∑ú‡∂ë‡∂±‡∑ä‡∂±‚Äã
‡∂Ø‡∑î‡∂ß‡∑î‡∑Ä‡∑ú‡∂≠‡∑í‡∂±‡∑ä ‡∑É‡∂≥‡∑Ä‡∂≠‡∑í‡∂∫ ‡∂Ö‡∑Ñ‡∑É‡∑ö
‡∂∫‡∂± ‡∂≠‡∑ê‡∂±‡∂ö ‡∂≠‡∂≠‡∑î ‡∂ö‡∑í‡∂∫‡∂±‡∑ä‡∂±‚Äã

‡∂±‡∑î‡∂π‡∑ö ‡∂∏‡∂ú ‡∂Ø‡∑í‡∂ú ‡∂≠‡∑î‡∂ª‡∑î‡∂Ω‡∂≠‡∑è ‡∑Ä‡∂Ω
‡∂∏‡∂Ω‡∑ä ‡∂¥‡∑í‚Ä¶ https://t.co/6CdQWDbnnq",0
‡∂∏‡∂±‡∑ä ‡∂¥‡∑ö‡∂ö‡∑ä ‡∑Ä‡∑ô‡∂±‡∑ä‡∂± ‡∑Ñ‡∑ö‡∂≠‡∑î‡∑Ä ‡∑Ñ‡∑ú‡∂∫‡∑è ‡∂ú‡∂≠‡∑ä‡∂≠‡∑è ‡∂∫‡∑è‡∑Ö‡∑î‡∑Ä‡∑ö.. ü•≤ü•≤  ‡∂Ø‡∑ê‡∂±‡∑ä ‡∂∏‡∂ß ‡∂±‡∑í‡∂Ø‡∑Ñ‡∑É‡∑ö ‡∂∏‡∑ê‡∂ª‡∑ô‡∂±‡∑ä‡∂± ‡∂¥‡∑î‡∑Ö‡∑î‡∑Ä‡∂±‡∑ä üòçüòç https://t.co/ocXNdsqP1X,0
"RT @Pramuditha_M: ‡∂â‡∂≠‡∑í‡∂±‡∑ä ‡∂±‡∑î‡∂π ‡∂≠‡∑Ä ‡∂Ø‡∑î‡∂ª ‡∂ú‡∑í‡∂∫‡∑ù‡∂≠‡∑í‡∂±‡∑ä
‡∂∏‡∑è‡∑Ä ‡∂Ö‡∂∏‡∂≠‡∂ö ‡∂±‡∑ú‡∑Ä‡∑ô‡∂±‡∑ä‡∂±‚Äã
‡∑Ñ‡∑í‡∂≠ ‡∑Ñ‡∑ê‡∂Ø‡∑ô‡∂±‡∑ä‡∂±‡∂ß ‡∂Ø‡∑î‡∂ö ‡∂±‡∑í‡∑Ä‡∑ô‡∂±‡∑ä‡∂±‡∂ß
‡∂∏‡∂ß‡∂≠‡∑ä ‡∂ö‡∑Ä‡∑í‡∂∫‡∂ö‡∑ä ‡∂Ω‡∑í‡∂∫‡∂±‡∑ä‡∂±‚Äã
#sajje https://t.co/nz1MrlD58z",0
"‡∂â‡∂≠‡∑í‡∂±‡∑ä ‡∂±‡∑î‡∂π ‡∂≠‡∑Ä ‡∂Ø‡∑î‡∂ª ‡∂ú‡∑í‡∂∫‡∑ù‡∂≠‡∑í‡∂±‡∑ä
‡∂∏‡∑è‡∑Ä ‡∂Ö‡∂∏‡∂≠‡∂ö ‡∂±‡∑ú‡∑Ä‡∑ô‡∂±‡∑ä‡∂±‚Äã
‡∑Ñ‡∑í‡∂≠ ‡∑Ñ‡∑ê‡∂Ø‡∑ô‡∂±‡∑ä‡∂±‡∂ß ‡∂Ø‡∑î‡∂ö ‡∂±‡∑í‡∑Ä‡∑ô‡∂±‡∑ä‡∂±‡∂ß
‡∂∏‡∂ß‡∂≠‡∑ä ‡∂ö‡∑Ä‡∑í‡∂∫‡∂ö‡∑ä ‡∂Ω‡∑í‡∂∫‡∂±‡∑ä‡∂±‚Äã
#sajje https://t.co/nz1MrlD58z",0
@YasiruRasanga_ ‡∂Ø‡∑î‡∂ö ‡∑Ñ‡∑í‡∂≠‡∑î‡∂±,0
@HasalaNimmana ‡∂ö‡∑ñ‡∂π‡∑í ‡∂ö‡∑è‡∂Ω‡∑è ‡∂∏‡∑ê‡∂ª‡∑ô‡∂±‡∑ä‡∂±üòÅüå∏,0
@Mseciice ‡∂Ø‡∑î‡∂ö ‡∑Ñ‡∑í‡∂≠‡∑ô‡∂± ‡∂Ø‡∑ö‡∑Ä‡∂Ω‡∑ä ‡∂∏‡∑ö ‡∂ª‡∑ë‡∂ß ‡∂ö‡∑í‡∂∫‡∂±‡∑Ä‡∂Ø?‚úã,0
@malsha_induwara ‡∂Ø‡∑î‡∂ö ‡∂≠‡∂∏‡∂∫‡∑í üòÇüíî,0
"RT @induinduu: ‡∂Ö‡∂¨‡∂Ω‡∑è ‡∂â‡∑Ä‡∂ª‡∂∫‡∑í ‡∂ö‡∑í‡∂∫‡∂Ω‡∑è ‡∑Ñ‡∑í‡∂≠‡∂±‡∂ö‡∑ú‡∂ß
‡∂Ü‡∂¥‡∑Ñ‡∑î ‡∂á‡∑É‡∑ä ‡∑Ä‡∂Ω‡∂ß ‡∂ö‡∂≥‡∑î‡∑Ö‡∑î ‡∂ö‡∑ú‡∑Ñ‡∑ô‡∂±‡∑ä 
‡∂ë‡∂±‡∑Ä‡∂Ø ‡∂∏‡∂±‡∑ä‡∂Ø‡∑è... üôÇüíî",0
‡∂±‡∑ë ‡∂ë‡∂ö‡∑ä‡∂ö‡∑ù ‡∂ö‡∂∏‡∂ö‡∑ä ‡∂±‡∑ë. ‡∂∏‡∑ô‡∑Ñ‡∑ô‡∂∏‡∂∏ ‡∂â‡∂±‡∑ä‡∂±‡∑Ä‡∑è. ‡∂±‡∑ê‡∂≠‡∑ä‡∂±‡∂∏‡∑ä ‡∂ë‡∂∫‡∑è‡∂Ω‡∂ß ‡∂Ø‡∑î‡∂ö ‡∑Ñ‡∑í‡∂≠‡∑ô‡∂∫‡∑í üòïüíî https://t.co/XH1ndSRrts,0
"‡∂Ö‡∂¨‡∂Ω‡∑è ‡∂â‡∑Ä‡∂ª‡∂∫‡∑í ‡∂ö‡∑í‡∂∫‡∂Ω‡∑è ‡∑Ñ‡∑í‡∂≠‡∂±‡∂ö‡∑ú‡∂ß
‡∂Ü‡∂¥‡∑Ñ‡∑î ‡∂á‡∑É‡∑ä ‡∑Ä‡∂Ω‡∂ß ‡∂ö‡∂≥‡∑î‡∑Ö‡∑î ‡∂ö‡∑ú‡∑Ñ‡∑ô‡∂±‡∑ä 
‡∂ë‡∂±‡∑Ä‡∂Ø ‡∂∏‡∂±‡∑ä‡∂Ø‡∑è... üôÇüíî",0
"‡∂Ω‡∑ê‡∂∂‡∑í‡∂Ω‡∂≠‡∑ä ,
‡∂±‡∑ú‡∂Ω‡∑ê‡∂∂‡∑ô‡∂± ‡∂∂‡∑ê‡∂≥‡∑ì‡∂∏‡∑ä
‡∂Ø‡∂ª‡∑è‡∂ú‡∂±‡∑ä‡∂± ‡∂Ö‡∂∏‡∑è‡∂ª‡∑î‡∂∫‡∑í...
üòå",0
@zcorpion_x ‡∂Ø‡∑î‡∂ö ‡∂≠‡∂∏‡∑è Fantasy ‡∂Ω‡∑ù‡∂ö‡∑Ä‡∂Ω‡∑ä ‡∑Ä‡∂Ω ‡∂Ø‡∑ö‡∑Ä‡∂Ω‡∑ä ‡∂ª‡∑í‡∂∫‡∂Ω‡∑ä ‡∂Ω‡∑ù‡∂ö‡∑ô‡∂ß ‡∂á‡∂¥‡∑ä‡∂Ω‡∂∫‡∑í ‡∑Ä‡∑ô‡∂±‡∑ä‡∂±‡∑ö ‡∂ß‡∑í‡∂ö ‡∂Ø‡∑ô‡∂±‡∑è‡∂ß‡∂∫‡∑í ‡∂∂‡∑ú‡∑É‡∑è.‚ù§Ô∏è,0
"‡∂∂‡∑ú‡∂ª‡∑î‡∑Ä‡∂ß ‡∂∏‡∑ú‡∂ö‡∂ß‡∂Ø ‡∂Ø‡∑î‡∂ö ‡∑Ñ‡∑í‡∂≠‡∑í‡∂Ω‡∑è
‡∂±‡∑ñ‡∂¥‡∂±‡∑ä ‡∑Ñ‡∑ô‡∂ß ‡∂Ø‡∑í‡∂± ‡∂ú‡∑ê‡∂± ‡∑Ñ‡∑í‡∂≠‡∂Ω‡∑è..",0
‡∂Ø‡∂ª‡∑ê ‡∂Ø‡∑î‡∂ö.https://t.co/mhsxF9F1i9 https://t.co/6mh26k4hX0,0
"RT @r_evarts: ‡∑É‡∂∏‡∑Ñ‡∂ª ‡∂ã‡∂±‡∑ä‡∂ß ‡∂Ø‡∂ª‡∑è‡∂ú‡∂±‡∑ä‡∂± ‡∂∂‡∑ë,,
‡∑Ñ‡∑ê‡∂∂‡∑ê‡∂∫‡∑í ‡∂å ‡∂ã‡∂ú‡∑ô ‡∂ú‡∂∏‡∂± ‡∂∫‡∂±‡∑Ä‡∑è.!!! https://t.co/4wmTg7rfLW",0
"RT @r_evarts: ‡∑É‡∂∏‡∑Ñ‡∂ª ‡∂ã‡∂±‡∑ä‡∂ß ‡∂Ø‡∂ª‡∑è‡∂ú‡∂±‡∑ä‡∂± ‡∂∂‡∑ë,,
‡∑Ñ‡∑ê‡∂∂‡∑ê‡∂∫‡∑í ‡∂å ‡∂ã‡∂ú‡∑ô ‡∂ú‡∂∏‡∂± ‡∂∫‡∂±‡∑Ä‡∑è.!!! https://t.co/4wmTg7rfLW",0
"RT @r_evarts: ‡∑É‡∂∏‡∑Ñ‡∂ª ‡∂ã‡∂±‡∑ä‡∂ß ‡∂Ø‡∂ª‡∑è‡∂ú‡∂±‡∑ä‡∂± ‡∂∂‡∑ë,,
‡∑Ñ‡∑ê‡∂∂‡∑ê‡∂∫‡∑í ‡∂å ‡∂ã‡∂ú‡∑ô ‡∂ú‡∂∏‡∂± ‡∂∫‡∂±‡∑Ä‡∑è.!!! https://t.co/4wmTg7rfLW",0
"‡∑É‡∂∏‡∑Ñ‡∂ª ‡∂ã‡∂±‡∑ä‡∂ß ‡∂Ø‡∂ª‡∑è‡∂ú‡∂±‡∑ä‡∂± ‡∂∂‡∑ë,,
‡∑Ñ‡∑ê‡∂∂‡∑ê‡∂∫‡∑í ‡∂å ‡∂ã‡∂ú‡∑ô ‡∂ú‡∂∏‡∂± ‡∂∫‡∂±‡∑Ä‡∑è.!!! https://t.co/4wmTg7rfLW",0
@Dagaya_ @__shaaaanu ‡∂∏‡∂ú‡∑ö ‡∂Ø‡∑î‡∂ö ‡∂∏‡∂∏‡∂±‡∑ö ‡∂Ø‡∂±‡∑ä‡∂±‡∑ö,0
@aashinionline suicide mission ‡∂ë‡∂ö‡∂ö‡∑ä ‡∂±‡∑ö ‡∂í‡∂ö. ‡∂≠‡∑í‡∂≠‡∑ä‡∂≠‡∂∫‡∑è ‡∂í‡∂≠‡∑ä ‡∂¥‡∂ª‡∑è‡∂Ø‡∂∫‡∑í. ‡∑Ñ‡∑ê‡∂∂‡∑ê‡∂∫‡∑í ‡∂≠‡∑í‡∂≠‡∑ä‡∂≠ ‡∂¥‡∑ä‚Äç‡∂ª‡∂¢‡∑è‡∑Ä ‡∂Ø‡∑í‡∂±‡∑î‡∂∏‡∑ä ü•≤ü§£,0
"‡∂Ø‡∑î‡∂ö ‡∑Ñ‡∑í‡∂≠‡∑î‡∂±‡∂∏
‡∂Ö‡∂∏‡∑ä‡∂∏‡∂Ω‡∑è 
‡∂Ω‡∑ñ‡∂±‡∑î ‡∂¥‡∑ú‡∂≠‡∑î ‡∂Ö‡∂ª‡∑í‡∂±‡∑Ä 
‡∑Ñ‡∑ê‡∂Ç‡∂ú‡∑í‡∂Ω‡∑è ‚Ä¶.",0
@anushaka_____ ‡∂Ø‡∂ª‡∑è‡∂ú‡∂±‡∑ä‡∂± ‡∂∂‡∑ê‡∂ª‡∑î‡∑Ä üòÅü§£,0
"RT @sunandabandara1: @unknown_lankan ‡∂î‡∂∫ ‡∂†‡∑ê‡∂±‡∂Ω‡∑ä ‡∂ë‡∂ö‡∑ö ‡∑Ä‡∑ê‡∂©‡∑É‡∂ß‡∑Ñ‡∂±‡∑ä -
1.) ‡∑É‡∂≠‡∑ô‡∂ö‡∑ä ‡∂¥‡∑ô‡∂ß‡∑ä‡∂ß‡∑í‡∂∫‡∂ö‡∂ß ‡∂Ø‡∑è‡∂Ω‡∑è ‡∂á‡∑É‡∑ä ‡∑Ä‡∑Ñ‡∂¥‡∑î ‡∂±‡∑í‡∂Ω‡∑í‡∂∫‡∂ö‡∑ä‡∂ß ‡∂í‡∂ö‡∑Ä ‡∂Ö‡∂Ω‡∑ä‡∂Ω‡∂±‡∑ä‡∂± ‡∂Ø‡∑ô‡∂±‡∑Ä‡∑è. ‡∂±‡∑í‡∑Ö‡∑í‡∂∫ ‡∑Ñ‡∑ñ ‡∂ö‡∑í‡∂∫‡∂±‡∑Ä‡∑è‚Ä¶",0
‡∂∏‡∑ö ‡∑Ä‡∑ô‡∂Ω‡∑è‡∑Ä‡∂ß ‡∂ö‡∑ë‡∂∏ ‡∑Ä‡∂Ω 4to ‡∂Ø‡∑è‡∂± ‡∂Ö‡∂∫ ‡∂∏‡∂ª‡∑è‡∂ú‡∑ô‡∂± ‡∂∏‡∑ê‡∂ª‡∑ô‡∂±‡∑ä‡∂± ‡∂¥‡∑î‡∑Ö‡∑î‡∑Ä‡∂±‡∑ä üôÑ,0
"RT @sunandabandara1: @unknown_lankan ‡∂î‡∂∫ ‡∂†‡∑ê‡∂±‡∂Ω‡∑ä ‡∂ë‡∂ö‡∑ö ‡∑Ä‡∑ê‡∂©‡∑É‡∂ß‡∑Ñ‡∂±‡∑ä -
1.) ‡∑É‡∂≠‡∑ô‡∂ö‡∑ä ‡∂¥‡∑ô‡∂ß‡∑ä‡∂ß‡∑í‡∂∫‡∂ö‡∂ß ‡∂Ø‡∑è‡∂Ω‡∑è ‡∂á‡∑É‡∑ä ‡∑Ä‡∑Ñ‡∂¥‡∑î ‡∂±‡∑í‡∂Ω‡∑í‡∂∫‡∂ö‡∑ä‡∂ß ‡∂í‡∂ö‡∑Ä ‡∂Ö‡∂Ω‡∑ä‡∂Ω‡∂±‡∑ä‡∂± ‡∂Ø‡∑ô‡∂±‡∑Ä‡∑è. ‡∂±‡∑í‡∑Ö‡∑í‡∂∫ ‡∑Ñ‡∑ñ ‡∂ö‡∑í‡∂∫‡∂±‡∑Ä‡∑è‚Ä¶",0
RT @Neetwit: @HeimlerD ‡∂¥‡∑ô‡∂ª‡∑Ñ‡∑ê‡∂ª‡∂ß ‡∑Ä‡∑í‡∂≠‡∂ª‡∂ö‡∑ä ‡∑É‡∂≠‡∑ä‡∑Ä ‡∂ö‡∂ª‡∑î‡∂´‡∑è‡∑Ä‡∑ô‡∂±‡∑ä ‡∂∏‡∑ê‡∂ª‡∑ô‡∂±‡∑ä‡∂± ‡∂∫‡∂± ‡∂î‡∂∫ ‡∂ö‡∑ú‡∂Ω‡∂∂ ‡∂Ω‡∑í‡∂∂‡∑ä‡∂∂‡∑ù ‡∂±‡∑î‡∑Ä‡∂ª ‡∂ë‡∑Ö‡∑í‡∂∫‡∑ö ‡∂Ö‡∑Ä‡∑î‡∂ª‡∑î‡∂Ø‡∑î ‡∂¥‡∂≠‡∑è ‡∂Ø‡∑Ñ‡∂Ø‡∑î‡∂ö‡∑ä ‡∂Ø‡∑ì‡∂Ω‡∑è ‡∂¥‡∑î‡∑Ñ‡∑î‡∂´‡∑î ‡∂ö‡∂ª‡∂Ω‡∑è ‡∂Ö‡∑Å‡∑ä‡∑Ä‡∂∫‡∑ù ‡∂ª‡∑ö‡∑É‡∑ä‚Ä¶,0
RT @Neetwit: @HeimlerD ‡∂¥‡∑ô‡∂ª‡∑Ñ‡∑ê‡∂ª‡∂ß ‡∑Ä‡∑í‡∂≠‡∂ª‡∂ö‡∑ä ‡∑É‡∂≠‡∑ä‡∑Ä ‡∂ö‡∂ª‡∑î‡∂´‡∑è‡∑Ä‡∑ô‡∂±‡∑ä ‡∂∏‡∑ê‡∂ª‡∑ô‡∂±‡∑ä‡∂± ‡∂∫‡∂± ‡∂î‡∂∫ ‡∂ö‡∑ú‡∂Ω‡∂∂ ‡∂Ω‡∑í‡∂∂‡∑ä‡∂∂‡∑ù ‡∂±‡∑î‡∑Ä‡∂ª ‡∂ë‡∑Ö‡∑í‡∂∫‡∑ö ‡∂Ö‡∑Ä‡∑î‡∂ª‡∑î‡∂Ø‡∑î ‡∂¥‡∂≠‡∑è ‡∂Ø‡∑Ñ‡∂Ø‡∑î‡∂ö‡∑ä ‡∂Ø‡∑ì‡∂Ω‡∑è ‡∂¥‡∑î‡∑Ñ‡∑î‡∂´‡∑î ‡∂ö‡∂ª‡∂Ω‡∑è ‡∂Ö‡∑Å‡∑ä‡∑Ä‡∂∫‡∑ù ‡∂ª‡∑ö‡∑É‡∑ä‚Ä¶,0
@HeimlerD ‡∂¥‡∑ô‡∂ª‡∑Ñ‡∑ê‡∂ª‡∂ß ‡∑Ä‡∑í‡∂≠‡∂ª‡∂ö‡∑ä ‡∑É‡∂≠‡∑ä‡∑Ä ‡∂ö‡∂ª‡∑î‡∂´‡∑è‡∑Ä‡∑ô‡∂±‡∑ä ‡∂∏‡∑ê‡∂ª‡∑ô‡∂±‡∑ä‡∂± ‡∂∫‡∂± ‡∂î‡∂∫ ‡∂ö‡∑ú‡∂Ω‡∂∂ ‡∂Ω‡∑í‡∂∂‡∑ä‡∂∂‡∑ù ‡∂±‡∑î‡∑Ä‡∂ª ‡∂ë‡∑Ö‡∑í‡∂∫‡∑ö ‡∂Ö‡∑Ä‡∑î‡∂ª‡∑î‡∂Ø‡∑î ‡∂¥‡∂≠‡∑è ‡∂Ø‡∑Ñ‡∂Ø‡∑î‡∂ö‡∑ä ‡∂Ø‡∑ì‡∂Ω‡∑è ‡∂¥‡∑î‡∑Ñ‡∑î‡∂´‡∑î ‡∂ö‡∂ª‡∂Ω‡∑è ‡∂Ö‚Ä¶ https://t.co/YYbvBij1cC,0
"‡∂¥‡∑ú‡∂Ω‡∑í‡∑É‡∑í‡∂∫ ‡∂∑‡∑è‡∂ª‡∂∫‡∑ö‡∂Ø‡∑ì ‡∂∏‡∑ê‡∂ª‡∑ô‡∂±‡∑ä‡∂± ‡∂Ø‡∑ô‡∂±‡∑ä‡∂±‡∑ö ‡∂±‡∑ê‡∑Ñ‡∑ê: ‡∂¥‡∑ú‡∂Ω‡∑í‡∑É‡∑ä‡∂¥‡∂≠‡∑í ‚Äì ‡∂±‡∑ì‡∂≠‡∑í‡∂¥‡∂≠‡∑í ‡∂∏‡∂ú‡∑í‡∂±‡∑ä ‡∑Å‡∑ä‚Äç‡∂ª‡∑ö‡∑Ç‡∑ä‡∂®‡∑è‡∂∞‡∑í‡∂ö‡∂ª‡∂´‡∂∫‡∂ß ‡∑É‡∑Ñ‡∂≠‡∑í‡∂ö ‡∑Ä‡∑ô‡∂∫‡∑í
‡∂¥‡∑ú‡∂Ω‡∑í‡∑É‡∑ä‡∂¥‡∂≠‡∑í‡∂ß ‡∂ã‡∑É‡∑è‡∑Ä‡∑í‡∂∫‡∑ô‡∂±‡∑ä ‡∂≠‡∑î‚Ä¶ https://t.co/TjV9oLPp47",0
"@unknown_lankan ‡∂î‡∂∫ ‡∂†‡∑ê‡∂±‡∂Ω‡∑ä ‡∂ë‡∂ö‡∑ö ‡∑Ä‡∑ê‡∂©‡∑É‡∂ß‡∑Ñ‡∂±‡∑ä -
1.) ‡∑É‡∂≠‡∑ô‡∂ö‡∑ä ‡∂¥‡∑ô‡∂ß‡∑ä‡∂ß‡∑í‡∂∫‡∂ö‡∂ß ‡∂Ø‡∑è‡∂Ω‡∑è ‡∂á‡∑É‡∑ä ‡∑Ä‡∑Ñ‡∂¥‡∑î ‡∂±‡∑í‡∂Ω‡∑í‡∂∫‡∂ö‡∑ä‡∂ß ‡∂í‡∂ö‡∑Ä ‡∂Ö‡∂Ω‡∑ä‡∂Ω‡∂±‡∑ä‡∂± ‡∂Ø‡∑ô‡∂±‡∑Ä‡∑è. ‡∂±‡∑í‡∑Ö‡∑í‡∂∫ ‡∑Ñ‡∑ñ ‡∂ö‡∑í‡∂∫‡∂±‚Ä¶ https://t.co/W78jTl2IrZ",0
@unknown_lankan ‡∂Ö‡∂ª‡∑î‡∂±‡∑ä ‡∂ë‡∂ö‡∑ô‡∂ö‡∑ä‡∂ß‡∑Ä‡∂≠‡∑ä ‡∂∂‡∑ê‡∂ª‡∑í‡∂ã‡∂±‡∑è‡∂±‡∑ö ‡∑Ñ‡∑ú‡∂∏‡∑ä‡∂∂‡∂ß ‡∂Ø‡∑ô‡∂ö‡∂ö‡∑ä ‡∂Ö‡∂∫‡∑í‡∂±‡∑ä‡∂±. ‡∂í ‡∂ã‡∂±‡∑è‡∂ß ‡∂Ø‡∑î‡∂ö ‡∂Ö‡∑Ñ‡∂± ‡∂Ö‡∂∫‡∑í‡∂∫‡∂ú‡∑ö ‡∂¥‡∑ä‚Äç‡∂ª‡∑ù‡∂ú‡∑ë‡∂∏‡∑ä ‡∂ë‡∂ö‡∂ß ‡∂ú‡∑í‡∂∫‡∑ú‡∂≠‡∑ä ‡∂¥‡∑ô‡∂∏‡∑í‡∂±‡∑í‡∑É‡∑ä‡∂ß‡∑ä ‡∑Ä‡∑ê‡∂ö‡∑ä‡∂ö‡∑ô‡∂ª‡∑ô‡∂±‡∑Ä‡∑è üôÇüëã,0
"RT @induinduu: ‡∂ö‡∑ú‡∂†‡∑ä‡∂†‡∂ª ‡∂ë‡∂¥‡∑è ‡∂ö‡∑í‡∑Ä‡∑ä‡∑Ä‡∂≠‡∑ä
‡∂Ö‡∂¥‡∑í ‡∂Ö‡∂¥‡∑ö ‡∂¢‡∑ì‡∑Ä‡∑í‡∂≠‡∑ö‡∂ß ‡∑Ä‡∑í‡∑Å‡∑ö‡∑Ç ‡∂∏‡∑í‡∂±‡∑í‡∑É‡∑ä‡∑É‡∑î ‡∂ë‡∂ö‡∑ä‡∂ö
‡∑Ñ‡∑ì‡∂± ‡∑Ñ‡∂Ø‡∑è‡∂ú‡∂±‡∑ä‡∂±‡∑Ä‡∑è..
‡∂í‡∑Ä‡∑è ‡∑Ä‡∑ô‡∂±‡∑î‡∑Ä‡∑ô‡∂±‡∑ä ‡∂∏‡∑Ñ‡∂±‡∑ä‡∑É‡∑í ‡∑Ä‡∑ô‡∂±‡∑Ä‡∑è...

‡∑Ñ‡∑ì‡∂±‡∑ö ‡∂±‡∑ê‡∂≠‡∑í ‡∂ã‡∂±‡∑è‡∂∏ ‡∑Ä‡∑í‡∂≥ ‡∂Ø‡∂ª‡∑è‡∂ú‚Ä¶",0
@Dagaya_ ‡∂ë‡∂∫‡∑è‡∂ß ‡∂Ø‡∑î‡∂ö ‡∂á‡∂≠‡∑í ‡∂∏‡∑è‡∑Ä ‡∂Ø‡∑è‡∂Ω‡∑è ‡∂ú‡∑í‡∂∫ ‡∂ë‡∂ö‡∂ß. ‡∂Ö‡∂±‡∑ä‡∂≠‡∑í‡∂∏ ‡∂∏‡∑ú‡∑Ñ‡∑ú‡∂≠‡∑ö ‡∂ë‡∂∫‡∑è ‡∂∏‡∂ú‡∑ô‡∂±‡∑ä ‡∂ß‡∑í‡∂ö‡∂ö‡∑ä ‡∂ú‡∑î‡∂ß‡∑í ‡∂ö‡∑ë‡∑Ä‡∑è. ‡∂í‡∂ö‡∂∫‡∑í ‡∂∏‡∂ß ‡∑Ä‡∑è‡∑Ä‡∂±‡∑ä‡∂±‡∑ö ‡∂±‡∑ê‡∂≠‡∑ä‡∂≠‡∑ö üòíüòíüòí,0
"RT @induinduu: ‡∂∏‡∂Ç ‡∑Ñ‡∑í‡∂≠‡∂±‡∑ä‡∂±‡∑ö
‡∂Ö‡∂¥‡∑í‡∂ß ‡∂Ø‡∂ª‡∑è‡∂ú‡∑ê‡∂±‡∑ì‡∂∏ 
‡∂∏‡∑ô‡∂†‡∑ä‡∂†‡∂ª ‡∂ã‡∂ú‡∂±‡∑ä‡∂±‡∂Ω‡∑è ‡∂≠‡∑í‡∂∫‡∑ô‡∂±‡∑ä‡∂±‡∑ö
‡∂Ö‡∂¥‡∑ö ‡∂≠‡∑í‡∂∫‡∑ô‡∂± ‡∂Ø‡∑î‡∂ª‡∑É‡∑ä ‡∂∂‡∑Ä‡∂∏‡∂∫‡∑í...

‡∂¥‡∑ú‡∂©‡∑í ‡∂Ø‡∑ö‡∑Ä‡∂Ω‡∑ä ‡∂â‡∑Ä‡∑É‡∑è ‡∂Ø‡∂ª‡∑è‡∂ú‡∂±‡∑ä‡∂±
‡∑Ä‡∑í‡∑Ñ‡∑í‡∑Ö‡∑î‡∑Ä‡∂ß‡∑Ä‡∂≠‡∑ä ‡∂ª‡∂´‡∑ä‡∂©‡∑î ‡∂±‡∑ú‡∑Ä‡∑ì ‡∂â‚Ä¶",0
"‡∂∏‡∂Ç ‡∑Ñ‡∑í‡∂≠‡∂±‡∑ä‡∂±‡∑ö
‡∂Ö‡∂¥‡∑í‡∂ß ‡∂Ø‡∂ª‡∑è‡∂ú‡∑ê‡∂±‡∑ì‡∂∏ 
‡∂∏‡∑ô‡∂†‡∑ä‡∂†‡∂ª ‡∂ã‡∂ú‡∂±‡∑ä‡∂±‡∂Ω‡∑è ‡∂≠‡∑í‡∂∫‡∑ô‡∂±‡∑ä‡∂±‡∑ö
‡∂Ö‡∂¥‡∑ö ‡∂≠‡∑í‡∂∫‡∑ô‡∂± ‡∂Ø‡∑î‡∂ª‡∑É‡∑ä ‡∂∂‡∑Ä‡∂∏‡∂∫‡∑í...

‡∂¥‡∑ú‡∂©‡∑í ‡∂Ø‡∑ö‡∑Ä‡∂Ω‡∑ä ‡∂â‡∑Ä‡∑É‡∑è ‡∂Ø‡∂ª‡∑è‡∂ú‡∂±‡∑ä‡∂±
‡∑Ä‡∑í‡∑Ñ‡∑í‡∑Ö‡∑î‡∑Ä‡∂ß‡∑Ä‡∂≠‡∑ä ‡∂ª‡∂´‡∑ä‚Ä¶ https://t.co/oEsKe60Kcw",0
@JayaniFdo ‡∂Ö‡∂¥‡∑í ‡∂≠‡∂∏‡∂∫‡∑í ‡∂Ø‡∂±‡∑ä‡∂±‡∑ô ‡∂Ö‡∂¥‡∑ö ‡∂Ø‡∑î‡∂ö üòÇ,0
@Mseciice ‡∂∏‡∂∏‡∂±‡∑ö ‡∂Ø‡∂±‡∑ä‡∂±‡∑ö ‡∂∏‡∂ú‡∑ö ‡∂Ø‡∑î‡∂ö,0
"‡∂Ö‡∑Ñ‡∑É ‡∂ú‡∑î‡∂ú‡∑î‡∂ª‡∑è ‡∂ö‡∂≥‡∑î‡∑Ö‡∑î ‡∑Ä‡∑ê‡∑Ñ‡∑í  ‡∂ö‡∑ê‡∂ß
‡∑Ä‡∑ê‡∂ß‡∑ì ‡∂≠‡∂ª‡∑î ‡∂ë‡∑Ö‡∑í ‡∂±‡∑í‡∑Ä‡∑î‡∂± ‡∑Ñ‡∑Ä‡∑É‡∂ö,
‡∂ö‡∑ô‡∂Ω‡∑ô‡∑É ‡∂ö‡∑Ä‡∑í‡∂∫‡∂ö ‡∂Ω‡∑í‡∂∫‡∂∏‡∑í ‡∂ë‡∑Ö‡∑í‡∑Ä‡∑ê‡∂ß
‡∂±‡∑î‡∂π‡∑ô ‡∑É‡∑î‡∑Ä‡∂≥‡∑Ä‡∂≠‡∑ä ‡∂Ω‡∂ü ‡∂±‡∑ú‡∂∏‡∑ê‡∂≠‡∑í ‡∂Ø‡∑Ä‡∑É‡∂ö!",0
RT @Pink_princesss7: ‡∂Ø‡∑î‡∂ö ‡∑Ñ‡∑í‡∂≠‡∑î‡∂±‡∂∏ ‡∂î‡∑Ö‡∑î‡∑Ä ‡∂Ö‡∂≠‡∂ú‡∑è‡∂±‡∑ä‡∂± ‡∂ö‡∑Ä‡∑î‡∂ª‡∑î‡∂≠‡∑ä ‡∂±‡∑ê‡∂≠‡∑í ‡∑Ñ‡∑ê‡∂ß‡∑íü•≤ https://t.co/Z9giXEfv3T,0
@aashinionline @NaveeSilva ‡∂á‡∂∫‡∑í ‡∂Ø‡∑î‡∂ö,0
@JayaniFdo @DehanJ_ ‡∂î‡∂∫‡∑è ‡∂Ø‡∑î‡∂ö ‡∂ú‡∂±‡∑ô‡∂¥‡∑è ‡∂¢‡∑ô‡∂±‡∑í ‡∂¥‡∑ê‡∂≠‡∑ä‡∂≠‡∂ö‡∑í‡∂±‡∑ä ‡∂≠‡∑í‡∂∫‡∂±‡∑ä‡∂±,0
@JayaniFdo @RakzzMaduOnline ‡∂Ø‡∑ê‡∂Ç ‡∂â‡∂≠‡∑í‡∂±‡∑ä ‡∂ö‡∂ª‡∂±‡∑ä‡∂± ‡∂Ø‡∑ô‡∂∫‡∂ö‡∑ä ‡∂±‡∑ê ‡∂Ø‡∑î‡∂ö ‡∂≠‡∂∏‡∂∫‡∑í üòÇ,0
‡∂Ø‡∑î‡∂ö ‡∑Ñ‡∑í‡∂≠‡∑î‡∂±‡∂∏ ‡∂î‡∑Ö‡∑î‡∑Ä ‡∂Ö‡∂≠‡∂ú‡∑è‡∂±‡∑ä‡∂± ‡∂ö‡∑Ä‡∑î‡∂ª‡∑î‡∂≠‡∑ä ‡∂±‡∑ê‡∂≠‡∑í ‡∑Ñ‡∑ê‡∂ß‡∑íü•≤ https://t.co/Z9giXEfv3T,0
‡∂Ø‡∑î‡∑Ç‡∂´ ‡∑Ä‡∂Ω‡∂ß ‡∂∏‡∂ß ‡∂±‡∂©‡∑î ‡∂Ø‡∂∏‡∂±‡∑ä‡∂± ‡∂ö‡∑í‡∂∫‡∂± ‡∂î‡∂∫‡∑è ‡∂ª‡∂ß‡∂ö ‡∂Ö‡∂∞‡∑í‡∂ö‡∂ª‡∂´ ‡∂Ö‡∂∏‡∑è‡∂≠‡∑ä‚Äç‡∂∫‡∑è‡∂Ç‡∑Å‡∂∫ ‡∂±‡∑ì‡∂≠‡∑í‡∂¥‡∂≠‡∑í ‡∂Ø‡∑ô‡∂¥‡∑è‡∂ª‡∑ä‡∂≠‡∂∏‡∑ö‡∂±‡∑ä‡∂≠‡∑î‡∑Ä ‡∂¥‡∑ú‡∂Ω‡∑í‡∑É‡∑í‡∂∫ ‡∂Ö‡∂Ω‡∑ä‡∂Ω‡∑É‡∑ä ‡∂ö‡∑ú‡∂∏‡∑í‡∑É‡∂∏ ‡∑Ä‡∑í‡∂ú‡∂´‡∂± ‡∂ö‡∑ú‡∂∏‡∑í‡∑É‡∂∏ ‡∂ß‡∑ä‚Äç‚Ä¶ https://t.co/mAh2kQiGWu,0
@SNkathriarachch @AshanCx ‡∂Ö‡∂ö‡∑ä‡∂ö‡∑è‡∂ú‡∑ô reply ‡∂ë‡∂ö ‡∂Ø‡∂ö‡∑í‡∂Ø‡∑ä‡∂Ø‡∑í ‡∂∏‡∂ß ‡∂∂‡∑ê‡∂Ø‡∂Ω‡∑è ‡∂â‡∂±‡∑ä‡∂± ‡∂Ö‡∂∫‡∑í‡∂∫‡∑è ‡∂ú‡∑ê‡∂± ‡∂Ø‡∑î‡∂ö ‡∑Ñ‡∑í‡∂≠‡∑î‡∂±‡∑è ‡∂Ö‡∂ö‡∑ä‡∂ö‡∑ö...üòÅüòÅ,0
"‡∂Ö‡∂±‡∑ä‡∂≠‡∂ª‡∑ö‡∂ß ‡∂Ö‡∂Ø‡∂≠‡∑ä ‡∂ö‡∂≥‡∑î‡∑Ö‡∑î ‡∂ú‡∑ë‡∑É‡∑ä ‡∂¥‡∑ä‚Äç‡∂ª‡∑Ñ‡∑è‡∂ª‡∂∫‡∂ö‡∑ä (VIDEO) 
READ MORE &gt;&gt;&gt; https://t.co/uQDRu8Ejpy https://t.co/KvbyW0Lyyw",0
"‡∂∏‡∂≠‡∂ö‡∂∫‡∂±‡∑ä ‡∂Ö‡∑Ä‡∑î‡∑É‡∑ä‡∑É‡∑è
‡∂∫‡∑Ö‡∑í‡∂≠‡∑ä ‡∂∏‡∑Ö‡∑Ä‡∑î‡∂±‡∑ä ‡∂Ö‡∂≠‡∂ª‡∑í‡∂±‡∑ä 
‡∂Ö‡∑Ä‡∂Ø‡∑í‡∂ö‡∂ª ‡∂¥‡∂´ ‡∂Ø‡∑ì ‡∂≠‡∑î‡∂ª‡∑î‡∂Ω‡∑ö‡∂∏
‡∑Ñ‡∂Ç‡∂ú‡∂±‡∑ä ‡∂â‡∂Ø...
‡∂Ø‡∑î‡∂ö ‡∂Ø‡∑ê‡∂±‡∑î‡∂±‡∑ö‡∂∏ ‡∂±‡∑ê‡∂≠‡∑í‡∂Ø
‡∂∫‡∂Ω‡∑í‡∂≠‡∑ä ‡∂∏‡∑í‡∑Ñ‡∑í‡∂Ø‡∂±‡∑ä ‡∂ö‡∑Ö ‡∑Ä‡∑í‡∂ß",0
"‡∂ö‡∑ù ‡∂∫‡∂ö‡∑ù ‡∑Ä‡∂Ω‡∑í‡∂∫ ü•¥....

‡∂á‡∂∫‡∑í ‡∂á‡∂∫‡∑í ‡∂á‡∂∫‡∑í ‡∂ö‡∑í‡∂∫‡∂Ω‡∑Ä‡∂≠‡∑ä ‡∂≠‡∑í‡∂∂‡∑ä‡∂∂‡∑è‡∂±‡∂Ç ‡∂Ø‡∑î‡∂ö ‡∂±‡∑ë ‡∂∂‡∂Ω‡∂Ç ‡∑Ñ‡∑í‡∂ß‡∑í‡∂∫‡∂ß ‡∂Ö‡∂¥‡∑í ‡∂∏‡∑ô‡∑Ñ‡∑ô‡∂∏.. üôÑ
‡∂¥‡∑ú‡∂Ω‡∑ì‡∑É‡∑í‡∂∫‡∑ô‡∂±‡∑ä‡∑Ä‡∂≠‡∑ä ‡∂ö‡∑î‡∂Ø‡∂Ω‡∂Ç‡∑Ä‡∂≠‡∑ä ‡∂ú‡∑í‡∂∫‡∑è‡∂Ø ‡∂Ø‡∂±‡∑ä‡∂±‡∑ë‚Ä¶ https://t.co/jmz5HqDDfx",0
"‡∑Ñ‡∂ª‡∑í‡∑Ñ‡∑ê‡∂ß‡∑í ‡∂ö‡∂≠‡∑è‡∑Ä‡∂ö‡∑ä ‡∑Ä‡∂≠‡∑ä ‡∂±‡∑ê‡∂≠‡∑î‡∑Ä
‡∑Ñ‡∑í‡∂ß‡∑í ‡∑Ñ‡∑ê‡∂ß‡∑í‡∂∫‡∑ö‡∂∏ ‡∑É‡∂∏‡∑î‡∂ú‡∂±‡∑ä‡∂± ‡∂ë‡∂¥‡∑è
‡∂∏‡∑ú‡∂ö‡∂Ø ‡∂í ‡∑É‡∂∏‡∑î‡∂ú‡∑ê‡∂±‡∑ì‡∂∏ ‡∂Ø‡∂ª‡∑è‡∂ú‡∂±‡∑ä‡∂± ‡∂Ö‡∂∏‡∑è‡∂ª‡∑î‡∂∫‡∑í
        ‡∑É‡∂∏‡∑Ñ‡∂ª ‡∑Ä‡∑í‡∂ß ‡∂á‡∂≠‡∑ê‡∂∏‡∑ä ‡∂∏‡∑í‡∂±‡∑í‡∑É‡∑ä‡∑É‡∑î ‡∂Ö‚Ä¶ https://t.co/0WVCHxcHyv",0
"RT @KOTTANOFFICIAL: ‡∂ª‡∂ß‡∑Ä‡∂Ω‡∑ä ‡∂Ø‡∑è‡∂Ω‡∑è ‡∂Ø‡∑ú‡∑É‡∑ä‡∂≠‡∂ª‡∂Ω‡∑è ‡∂∫‡∂±‡∑Ä‡∑è. ‡∂∏‡∑í‡∂±‡∑í‡∑Ñ‡∑è ‡∑É‡∂Ç‡∂†‡∑è‡∂ª‡∂ö ‡∑É‡∂≠‡∑ô‡∂ö‡∑ä. ‡∑Ñ‡∑ê‡∂∂‡∑ê‡∂∫‡∑ì ‡∂Ö‡∂¥‡∑í ‡∑Ñ‡∂∫‡∑í‡∑Ä‡∑ö ‡∑Ä‡∑ô‡∂±‡∑î‡∑Ä‡∂ß, ‡∑É‡∑û‡∂õ‡∑ä‚Äç‡∂∫ ‡∑É‡∑ö‡∑Ä‡∂∫‡∂ß ‡∂∏‡∑î‡∂Ø‡∂Ω‡∑ä ‡∂∫‡∑ô‡∂Ø‡∑î‡∑Ä‡∑è ‡∂±‡∂∏‡∑ä, ‡∂¥‡∂ª‡∂´ ‡∂ú‡∑è‡∂Ω‡∑î ‡∂¥‡∑è‡∂ª‡∑ö ‡∂ö‡∂≠‚Ä¶",0
""" ‡∂≠‡∂±‡∑í‡∂ö‡∂©‡∑Ä ‡∂∏‡∑ê‡∂ª‡∑ô‡∂±‡∑ä‡∂±, ‡∂±‡∂∏‡∑î‡∂≠‡∑ä ‡∂ö‡∑Ä‡∂Ø‡∑è‡∑Ä‡∂≠‡∑ä ‡∂ö‡∑í‡∑É‡∑í‡∑Ä‡∑ô‡∂ö‡∑î‡∂ú‡∑ô‡∂±‡∑ä ‡∂Ü‡∂Ø‡∂ª‡∂∫ ‡∂ö‡∂ª‡∂±‡∑ä‡∂±‡∑ê‡∂∫‡∑í ‡∂â‡∂Ω‡∑ä‡∂Ω‡∂±‡∑ä‡∂± ‡∂ë‡∂¥‡∑è."" üíúÔ∏èüåªüí´ https://t.co/6BEKDAcHWR",0
‡∑Ö‡∂∏‡∑î‡∂±‡∑ä‡∂ß‡∂≠‡∑ä ‡∂ö‡∂≥‡∑î‡∑Ö‡∑î ‡∂ú‡∑ë‡∑É‡∑ä ‡∂¥‡∑ä‚Äç‡∂ª‡∑Ñ‡∑è‡∂ª‡∂∫ ‡∑Ä‡∂Ø‡∑ì | ‡∂¥‡∑ú‡∂©‡∑í ‡∑Ö‡∂∏‡∂∫‡∑í ‡∂Ö‡∂¨‡∑è‡∂ú‡∑ô‡∂± ‡∂Ø‡∑î‡∑Ä‡∂∫‡∑í | ‡∂∏‡∑Ñ ‡∂ë‡∑Ä‡∑î‡∂±‡∑ä‡∂ú‡∑ö ‡∑Ä‡∑ê‡∂©‡∑Ä‡∂Ω‡∑í‡∂±‡∑ä ‡∂∂‡∑ê‡∂ß‡∂ö‡∑è‡∂¥‡∑î ‡∂¥‡∑ú‡∂©‡∑í¬†‡∂ë‡∑Ä‡∑î‡∂±‡∑ä.. https://t.co/stAG9EZdea,0
"@ravinda88 ‡∑Ä‡∑ê‡∂©‡∑í‡∂∫‡∑ô‡∂±‡∑ä‡∂∏ ‡∂¥‡∑è‡∂©‡∑î ‡∂Ω‡∂∂‡∂± ‡∂Ü‡∂∫‡∂≠‡∂± ‡∂Ö‡∂≠‡∂ª ‡∂Ω‡∂Ç‡∂ú‡∂∏‡∂≠‡∑ä ‡∂â‡∂±‡∑ä‡∂±‡∑Ä‡∑è. ‡∂Ω‡∂Ç‡∂ú‡∂∏‡∂≠‡∑ä ‡∑Ä‡∑í‡∂ö‡∑î‡∂´‡∂±‡∑Ä ‡∂±‡∂∏‡∑ä ‡∂±‡∑í‡∂∫‡∂∏‡∂∫‡∑í. ‡∂ö‡∂¢‡∑î ‡∑É‡∂Ç‡∑É‡∑ä‡∂Æ‡∑è‡∑Ä, ‡∂≠‡∑ê‡∂¥‡∑ë‡∂Ω ‡∂ö‡∑í‡∂∫‡∂±‡∑ä‡∂±‡∑ô ‡∂¥‡∑ú‡∂©‡∑í ‡∂ö‡∑ë‚Ä¶ https://t.co/5dUHVFCnnV",0
RT @iam_AStr: ‡∂∏‡∂Ω‡∑ä‡∂Ω‡∑í ‡∂∂‡∂∂‡∑ô‡∂ö‡∑ä ‡∂≠‡∑í‡∂∫‡∑è ‡∂Ö‡∂∫‡∑í‡∂∫‡∑è ‡∂∂‡∂∂‡∑ô‡∂ö‡∑ä‡∑Ä‡∂≠‡∑ä ‡∂∏‡∂ß ‡∑Ä‡∑ê‡∂ª‡∂Ø‡∑í‡∂Ω‡∑è‡∑Ä‡∂≠‡∑ä ‡∂∏‡∑ê‡∑É‡∑ö‡∂¢‡∑ä ‡∂ö‡∂ª‡∂Ω ‡∂±‡∑ë ‡∂ö‡∑í‡∂∫‡∂Ω ‡∂∏‡∂≠‡∂ö‡∑ä ‡∑Ä‡∑ô‡∂Ø‡∑ä‡∂Ø‡∑í ‡∂¥‡∑î‡∂ß‡∑î‡∑Ä‡∂ö‡∑ä ‡∑Ñ‡∂¥‡∂±‡∑ä ‡∂∏‡∑ê‡∂ª‡∑ô‡∂±‡∑ä‡∂± ‡∑Ñ‡∑í‡∂≠‡∑î‡∂±‡∑è ............... üò©üò©üò©üò©,0
"""‡∂ë‡∂ö ‡∂≠‡∑ê‡∂±‡∂ö‡∑ä ‡∂ë‡∂±‡∑Ä‡∑è ‡∂¢‡∑ì‡∑Ä‡∑í‡∂≠‡∑ö...
‡∂ö‡∂≥‡∑î‡∑Ö‡∑î ‡∂∏‡∂Ø‡∑í‡∂∫‡∑í ‡∂Ø‡∑î‡∂ö ‡∂Ø‡∑í‡∂∫‡∂ö‡∂ª‡∂±‡∑ä‡∂±.
‡∂∂‡∂ª ‡∑Ä‡∑ê‡∂©‡∑í‡∂∫‡∑í ‡∂≠‡∂∏‡∂±‡∑ä‡∂ú‡∑ô‡∂∏ ‡∑Ñ‡∑í‡∂≠...
‡∂ã‡∑Ñ‡∑î‡∑Ö‡∂ú‡∑ô‡∂± ‡∂â‡∂±‡∑ä‡∂±.",0
"‡∂Ö‡∂¥‡∑í‡∂ß ‡∂Ø‡∂ª‡∑è‡∂ú‡∂±‡∑ä‡∂± ‡∂∂‡∑ê‡∂ª‡∑í ‡∂≠‡∂ª‡∂∏‡∂ß ‡∂â‡∂Ω‡∑ä‡∂Ω‡∑î‡∂∏‡∂ö‡∑ä ‡∂≠‡∑í‡∂∂‡∑î‡∂´‡∑è..
""‡∂°‡∂±‡∑ä‡∂Ø‡∑ô ‡∂±‡∑ë ‡∂ö‡∑í‡∑Ä‡∑ä‡∑Ä ‡∑É‡∑ê‡∂±‡∑í‡∂±‡∑ä..‡∂ë‡∑Ñ‡∑ô‡∂≠‡∑ä"" https://t.co/zxldYfLYUQ",0
@iam_poor9 ‡∂Ø‡∑î‡∂ö ‡∂≠‡∂∏‡∂∫‡∑í! üôÉü§£,0
RT @CheyNumba9: ‡∂∂‡∂Ω‡∑è‡∂¥‡∑ú‡∂ª‡∑ú‡∂≠‡∑ä‡∂≠‡∑î ‡∂á‡∂≠‡∑í ‡∂ö‡∂ª‡∂ú‡∑ê‡∂±‡∑ì‡∂∏ ‡∑É‡∑í‡∂∫‡∂Ø‡∑í‡∑Ä‡∑í ‡∂±‡∑É‡∑è‡∂ú‡∑ê‡∂±‡∑ì‡∂∏ ‡∑Ñ‡∑è ‡∑É‡∂∏‡∑è‡∂±‡∂∫...,0
RT @WaruAnu: ‡∂ä‡∂∫‡∑ö ‡∂Ø‡∂ª‡∑è‡∂ú‡∂±‡∑ä‡∂± ‡∂∂‡∑ê‡∂ª‡∑í ‡∑Ä‡∑í‡∂Ø‡∑í‡∑Ñ‡∑ö ‡∂ö‡∑ê‡∂≠ ‡∑Ä‡∑ê‡∂©‡∂ö‡∑ä ‡∑Ä‡∑î‡∂±‡∑ö.... üò•üò• ‡∂∏‡∑è‡∑Ä ‡∂∏‡∑í‡∂±‡∑í‡∑É‡∑ä‡∑É‡∑î ‡∂Ö‡∂Ø‡∑î‡∂ª‡∂±‡∑ä‡∂±‡∑ô ‡∂≠‡∂±‡∑í‡∂ö‡∂ª‡∂∏ ‡∂∂‡∑ö‡∂∂‡∂Ø‡∑î‡∂ö‡∂∏ ‡∂Ø‡∑ù‡∂≠‡∑í‡∂±‡∑ä ‡∂Ø‡∂ª‡∑è‡∂ú‡∂≠‡∑ä‡∂≠‡∑î ‡∂ö‡∑ô‡∂±‡∑ô‡∂ö‡∑ä ‡∑Ä‡∑í‡∂Ø‡∑í‡∑Ñ‡∂ß ‡∂ö‡∑í‡∂∫‡∂Ω‡∑è ‡∂î‡∂¥‡∑ä‡∂¥‡∑î‚Ä¶,0
"‡∂∏‡∂±‡∑É‡∑í‡∂±‡∑ä ‡∑Ä‡∑í‡∂≥‡∑í‡∂∏‡∑í‡∂±‡∑ä ‡∂î‡∂∫ ‡∂ª‡∑ñ‡∂¥‡∑ö
‡∂ª‡∑í‡∂Ø‡∑î‡∂∏‡∂±‡∑ä ‡∂Ω‡∑ù‡∂ö‡∑ô‡∂±‡∑ä ‡∑É‡∂ü‡∑Ä‡∑è
‡∂∏‡∂≠‡∂ö‡∑ô‡∂±‡∑ä ‡∂Ö‡∂Ø ‡∂∏‡∂Ç ‡∂∏‡∂ú‡∑ô ‡∂Ω‡∑ù‡∂ö‡∑ö
‡∂≠‡∂±‡∑í‡∂∫‡∑ô‡∂±‡∑ä ‡∂¢‡∑ì‡∑Ä‡∂≠‡∑ä ‡∑Ä‡∑ô‡∂±‡∑Ä‡∑è
‡∂Ö‡∂Ω‡∑î‡∂≠‡∑í‡∂≠‡∑ä ‡∂¥‡∂´ ‡∂Ø‡∑î‡∂±‡∑ä ‡∂î‡∂∂‡∑ô ‡∂¥‡∑ä‚Äç‡∂ª‡∑ö‡∂∏‡∑ö‚Ä¶ https://t.co/BzXBjfpVw2",0
"‡∂¢‡∑ì‡∑Ä‡∑í‡∂≠‡∂Ç ‡∂Ö‡∂±‡∑í‡∂∫‡∂≠‡∂Ç ‡∂∏‡∂ª‡∂´‡∂Ç ‡∂±‡∑í‡∂∫‡∂≠‡∂Ç ~ ‡∂∂‡∑Ä.
‡∂Ø‡∑î‡∂ö ‡∂¢‡∂ª‡∑è‡∑Ä ‡∂Ö‡∂±‡∑í‡∂∫‡∂≠ ~ ‡∂∂‡∑Ä.
‡∂Ω‡∑É‡∑ä‡∑É‡∂± ‡∑É‡∑ê‡∂∏‡∂Ø‡∑ö ‡∂∏‡∑ú‡∑Ñ‡∑ú‡∂≠‡∂ö ‡∑É‡∑î‡∑Ä‡∂Ø‡∑ö ‡∂ë‡∑Ñ‡∑í ‡∂ö‡∑ô‡∂Ω‡∑Ä‡∂ª ‡∂Ø‡∑î‡∂ö ‡∂Ø‡∑ö ~ ‡∂∂‡∑Ä
‡∂ö‡∑î‡∂±‡∑î‡∑Å‡∂ª‡∑ì‡∂ª‡∂∫ ‡∂Ø‡∑î‡∂ú‡∂≥ ~‚Ä¶ https://t.co/oTp0bLFL1M",0
"‡∂ö‡∑Ä‡∑î‡∂ª‡∑î‡∂≠‡∑ä ‡∂Ø‡∂±‡∑ä‡∂±‡∑ô ‡∂±‡∑ë
‡∂∏‡∑Ñ‡∂¥‡∑ú‡∂Ω‡∑ú‡∑Ä ‡∑Ä‡∑í‡∂±‡∑ä‡∂Ø ‡∂Ø‡∑î‡∂ö https://t.co/paBAAFg0YF",0
"‡∂¢‡∑ì‡∑Ä‡∑í‡∂≠‡∂∫ ‡∂ª‡∂ü‡∂∏‡∂©‡∂Ω‡∂ö‡∑ä
‡∂∏‡∑í‡∂±‡∑í‡∑É‡∑î‡∂±‡∑ä ‡∂ë‡∂ö‡∑ä‡∑Ä
‡∑É‡∂≠‡∑î‡∂ß‡∑í‡∂±‡∑ä ‡∑Ñ‡∑í‡∂±‡∑ê‡∑Ñ‡∑ô‡∂±‡∑ä‡∂±
""‡∂Ø‡∂ü‡∂Ω‡∂±""

‡∂á‡∂ª‡∂π‡∑î‡∂∏‡∑ô‡∂≠‡∑ä, ‡∂ö‡∑ô‡∑Ö‡∑Ä‡∂ª‡∑ô‡∂≠‡∑ä
‡∂Ö‡∂≠‡∂ª‡∂∏‡∑ê‡∂Ø‡∂≠‡∑ä ‡∂≠‡∑ê‡∑Ä‡∂ª‡∑î‡∂´‡∑î ‡∂Ø‡∑î‡∂ö
‡∂±‡∑ú‡∂Ø‡∑ê‡∂ö ‡∂∫‡∂± 
‡∂Ö‡∑É‡∂ª‡∂´‡∂∫‡∑í‡∂±‡∑ä‡∂ú‡∑ö‚Ä¶ https://t.co/6cLolLW0vy",0
"‡∂Ö‡∂±‡∑ô ‡∂¥‡∂¥‡∑î ‡∂ë‡∑Ñ‡∑ô‡∂∏ 
‡∂ë‡∂ö‡∑í‡∂±‡∑ô‡∂ö‡∑è‡∂ú‡∑ô ‡∂±‡∂∏‡∑ä‡∑Ä‡∂Ω‡∂ß ‡∂Ω‡∑í‡∂∫‡∂±‡∑ä‡∂± ‡∂¥‡∑î‡∂Ω‡∑î‡∑Ä‡∂±‡∑ä ‡∂Ø ?

‡∂î‡∑Ä‡∑ä ‡∑É‡∂∏‡∑Ñ‡∂ª‡∑î‡∂±‡∑ä‡∂ß ‡∂¥‡∑î‡∂Ω‡∑î‡∑Ä‡∂±‡∑ä ‡∂Ω‡∑ö ‡∑Ä‡∑ê‡∂ö‡∑ä‡∂ö‡∂ª‡∑ô‡∂Ø‡∑ä‡∂Ø‡∑í‡∂≠‡∑ä
‡∂ë‡∂ö‡∑í‡∂ú‡∑ô ‡∂±‡∂∏ ‡∂≠‡∂Ø‡∂ß ‡∂ö‡∑ú‡∂ß‡∂±‡∑ä‡∂±

 ""‡∂∏‡∂Ç‚Ä¶ https://t.co/iqs5qSxKi8",0
RT @iam_AStr: ‡∂∏‡∂Ω‡∑ä‡∂Ω‡∑í ‡∂∂‡∂∂‡∑ô‡∂ö‡∑ä ‡∂≠‡∑í‡∂∫‡∑è ‡∂Ö‡∂∫‡∑í‡∂∫‡∑è ‡∂∂‡∂∂‡∑ô‡∂ö‡∑ä‡∑Ä‡∂≠‡∑ä ‡∂∏‡∂ß ‡∑Ä‡∑ê‡∂ª‡∂Ø‡∑í‡∂Ω‡∑è‡∑Ä‡∂≠‡∑ä ‡∂∏‡∑ê‡∑É‡∑ö‡∂¢‡∑ä ‡∂ö‡∂ª‡∂Ω ‡∂±‡∑ë ‡∂ö‡∑í‡∂∫‡∂Ω ‡∂∏‡∂≠‡∂ö‡∑ä ‡∑Ä‡∑ô‡∂Ø‡∑ä‡∂Ø‡∑í ‡∂¥‡∑î‡∂ß‡∑î‡∑Ä‡∂ö‡∑ä ‡∑Ñ‡∂¥‡∂±‡∑ä ‡∂∏‡∑ê‡∂ª‡∑ô‡∂±‡∑ä‡∂± ‡∑Ñ‡∑í‡∂≠‡∑î‡∂±‡∑è ............... üò©üò©üò©üò©,0
"‡∑É‡∑í‡∑Ñ‡∑í‡∂±‡∂∫‡∑ô‡∂±‡∑ä ‡∂Ü‡∂Ø‡∂ª‡∂∫ ‡∑Ä‡∑í‡∂≥‡∑í‡∂± ‡∑É‡∂≥
‡∂Ø‡∑î‡∂ö ‡∂±‡∑ö‡∂Ø ‡∂±‡∑ö‡∂≠‡∑î ‡∂¥‡∑í‡∂∫‡∂±‡∑í ‡∂á‡∂ª‡∑î‡∂±‡∑è‡∂∏
‡∂Ö‡∑Ä‡∂Ø‡∑í ‡∑Ä‡∑ô‡∂±‡∑ä‡∂±‡∑ô‡∂∏ ‡∂±‡∑ê‡∂≠‡∑î‡∑Ä ‡∑Ñ‡∑ê‡∂∏‡∂Ø‡∑è‡∂∏
‡∑É‡∑í‡∑Ñ‡∑í‡∂±‡∂∫‡∂ö ‡∂ö‡∑í‡∂∏‡∑í‡∂Ø‡∑ô‡∂±‡∑ä‡∂± ‡∑Ñ‡∑í‡∂≠‡∂∫‡∑í ‡∂∏‡∂ß",0
‡∂ú‡∑ô‡∂Ω ‡∑Ä‡∑ê‡∂Ω‡∂Ω‡∑è‡∂ú‡∂≠‡∑ä ‡∂∏‡∑Ö‡∑É‡∑í‡∂ª‡∑î‡∂ª‡∂ö‡∑ä: ‡∂ª‡∑è‡∂¢‡∂ú‡∑í‡∂ª‡∑í‡∂∫ ‡∂∂‡∂´‡∑ä‡∂©‡∑è‡∂ª‡∂±‡∑è‡∂∫‡∂ö‡∂¥‡∑î‡∂ª ‡∂â‡∂Ø‡∑í‡∂ö‡∂ª‡∂∏‡∑í‡∂±‡∑ä ‡∂¥‡∑Ä‡∂≠‡∑í‡∂± ‡∂±‡∑í‡∑Ä‡∑É‡∂ö‡∑ä ‡∂≠‡∑î‡∑Ö ‡∂¥‡∑î‡∂Ø‡∑ä‡∂ú‡∂Ω‡∂∫‡∑ô‡∂ö‡∑î ‡∂ú‡∑ô‡∂Ω ‡∑Ä‡∑ê‡∂Ω‡∂Ω‡∑è‡∂ú‡∑ô‡∂± ‡∑É‡∑í‡∂∫‡∂Ø‡∑í‡∑Ä‡∑í ‡∑Ñ‡∑è‡∂±‡∑í ‡∂ö‡∂ª‡∂ú‚Ä¶ https://t.co/F9BMVtCDFE,0
@iam_AStr ‡∂¥‡∑î‡∂ß‡∑î ‡∑Ñ‡∂¥‡∂±‡∑ä‡∂±‡∑ô‡∂¥‡∑è ‡∂¥‡∑î‡∂ö ‡∑Ñ‡∂¥‡∂±‡∑ä ‡∂∏‡∑ê‡∂ª‡∑ô‡∂±‡∑ä‡∂±,0
"RT @KOTTANOFFICIAL: ‡∂ª‡∂ß‡∑Ä‡∂Ω‡∑ä ‡∂Ø‡∑è‡∂Ω‡∑è ‡∂Ø‡∑ú‡∑É‡∑ä‡∂≠‡∂ª‡∂Ω‡∑è ‡∂∫‡∂±‡∑Ä‡∑è. ‡∂∏‡∑í‡∂±‡∑í‡∑Ñ‡∑è ‡∑É‡∂Ç‡∂†‡∑è‡∂ª‡∂ö ‡∑É‡∂≠‡∑ô‡∂ö‡∑ä. ‡∑Ñ‡∑ê‡∂∂‡∑ê‡∂∫‡∑ì ‡∂Ö‡∂¥‡∑í ‡∑Ñ‡∂∫‡∑í‡∑Ä‡∑ö ‡∑Ä‡∑ô‡∂±‡∑î‡∑Ä‡∂ß, ‡∑É‡∑û‡∂õ‡∑ä‚Äç‡∂∫ ‡∑É‡∑ö‡∑Ä‡∂∫‡∂ß ‡∂∏‡∑î‡∂Ø‡∂Ω‡∑ä ‡∂∫‡∑ô‡∂Ø‡∑î‡∑Ä‡∑è ‡∂±‡∂∏‡∑ä, ‡∂¥‡∂ª‡∂´ ‡∂ú‡∑è‡∂Ω‡∑î ‡∂¥‡∑è‡∂ª‡∑ö ‡∂ö‡∂≠‚Ä¶",0
"RT @adaderanasin: ‡∂ª‡∑è‡∂¢‡∂ú‡∑í‡∂ª‡∑í‡∂∫‡∑ö ‡∑É‡∑ê‡∂ö‡∑É‡∑Ñ‡∑í‡∂≠ ‡∂∏‡∑Ö‡∑É‡∑í‡∂ª‡∑î‡∂ª‡∂ö‡∑ä

‡∂ª‡∑è‡∂¢‡∂ú‡∑í‡∂ª‡∑í‡∂∫ ‡∂∂‡∂´‡∑ä‡∂©‡∑è‡∂ª‡∂±‡∑è‡∂∫‡∂ö‡∂¥‡∑î‡∂ª ‡∂â‡∂Ø‡∑í‡∂ö‡∂ª‡∂∏‡∑í‡∂±‡∑ä ‡∂¥‡∑Ä‡∂≠‡∑í‡∂± ‡∂±‡∑í‡∑Ä‡∑É‡∂ö‡∑ä ‡∂≠‡∑î‡∑Ö ‡∂¥‡∑î‡∂Ø‡∑ä‡∂ú‡∂Ω‡∂∫‡∑ô‡∂ö‡∑î ‡∂ú‡∑ô‡∂Ω ‡∑Ä‡∑ê‡∂Ω‡∂Ω‡∑è‡∂ú‡∑ô‡∂± ‡∑É‡∑í‡∂∫‡∂Ø‡∑í‡∑Ä‡∑í ‡∑Ñ‡∑è‡∂±‡∑í ‡∂ö‡∂ª‡∂ú‡∑ô‡∂±‚Ä¶",0
"‡∂ª‡∑è‡∂¢‡∂ú‡∑í‡∂ª‡∑í‡∂∫‡∑ö ‡∑É‡∑ê‡∂ö‡∑É‡∑Ñ‡∑í‡∂≠ ‡∂∏‡∑Ö‡∑É‡∑í‡∂ª‡∑î‡∂ª‡∂ö‡∑ä

‡∂ª‡∑è‡∂¢‡∂ú‡∑í‡∂ª‡∑í‡∂∫ ‡∂∂‡∂´‡∑ä‡∂©‡∑è‡∂ª‡∂±‡∑è‡∂∫‡∂ö‡∂¥‡∑î‡∂ª ‡∂â‡∂Ø‡∑í‡∂ö‡∂ª‡∂∏‡∑í‡∂±‡∑ä ‡∂¥‡∑Ä‡∂≠‡∑í‡∂± ‡∂±‡∑í‡∑Ä‡∑É‡∂ö‡∑ä ‡∂≠‡∑î‡∑Ö ‡∂¥‡∑î‡∂Ø‡∑ä‡∂ú‡∂Ω‡∂∫‡∑ô‡∂ö‡∑î ‡∂ú‡∑ô‡∂Ω ‡∑Ä‡∑ê‡∂Ω‡∂Ω‡∑è‡∂ú‡∑ô‡∂± ‡∑É‡∑í‡∂∫‡∂Ø‡∑í‡∑Ä‡∑í ‡∑Ñ‡∑è‡∂±‡∑í‚Ä¶ https://t.co/o68Lv371K1",0
"@iam_AStr ‡∂ö‡∑î‡∑Å‡∂±‡∑ä ‡∂ë‡∂ö‡∂ö‡∑ä ‡∂ö‡∂±‡∑ä‡∂±
‡∂Ω‡∑ì ‡∂¥‡∑î‡∂ß‡∑î‡∑Ä‡∂ö‡∑ä ‡∂ö‡∂±‡∑Ä‡∂ß ‡∑Ä‡∂©‡∑è ‡∂â‡∂ö‡∑ä‡∂∏‡∂±‡∂ß ‡∂∏‡∑ê‡∂ª‡∑ô‡∂±‡∑ä‡∂± ‡∂¥‡∑î‡∂Ω‡∑î‡∑Ä‡∂±‡∑ä",0
‡∂∏‡∂Ω‡∑ä‡∂Ω‡∑í ‡∂∂‡∂∂‡∑ô‡∂ö‡∑ä ‡∂≠‡∑í‡∂∫‡∑è ‡∂Ö‡∂∫‡∑í‡∂∫‡∑è ‡∂∂‡∂∂‡∑ô‡∂ö‡∑ä‡∑Ä‡∂≠‡∑ä ‡∂∏‡∂ß ‡∑Ä‡∑ê‡∂ª‡∂Ø‡∑í‡∂Ω‡∑è‡∑Ä‡∂≠‡∑ä ‡∂∏‡∑ê‡∑É‡∑ö‡∂¢‡∑ä ‡∂ö‡∂ª‡∂Ω ‡∂±‡∑ë ‡∂ö‡∑í‡∂∫‡∂Ω ‡∂∏‡∂≠‡∂ö‡∑ä ‡∑Ä‡∑ô‡∂Ø‡∑ä‡∂Ø‡∑í ‡∂¥‡∑î‡∂ß‡∑î‡∑Ä‡∂ö‡∑ä ‡∑Ñ‡∂¥‡∂±‡∑ä ‡∂∏‡∑ê‡∂ª‡∑ô‡∂±‡∑ä‡∂± ‡∑Ñ‡∑í‡∂≠‡∑î‡∂±‡∑è ............... üò©üò©üò©üò©,0
‡∂ä‡∂∫‡∑ö ‡∂Ø‡∂ª‡∑è‡∂ú‡∂±‡∑ä‡∂± ‡∂∂‡∑ê‡∂ª‡∑í ‡∑Ä‡∑í‡∂Ø‡∑í‡∑Ñ‡∑ö ‡∂ö‡∑ê‡∂≠ ‡∑Ä‡∑ê‡∂©‡∂ö‡∑ä ‡∑Ä‡∑î‡∂±‡∑ö.... üò•üò• ‡∂∏‡∑è‡∑Ä ‡∂∏‡∑í‡∂±‡∑í‡∑É‡∑ä‡∑É‡∑î ‡∂Ö‡∂Ø‡∑î‡∂ª‡∂±‡∑ä‡∂±‡∑ô ‡∂≠‡∂±‡∑í‡∂ö‡∂ª‡∂∏ ‡∂∂‡∑ö‡∂∂‡∂Ø‡∑î‡∂ö‡∂∏ ‡∂Ø‡∑ù‡∂≠‡∑í‡∂±‡∑ä ‡∂Ø‡∂ª‡∑è‡∂ú‡∂≠‡∑ä‡∂≠‡∑î ‡∂ö‡∑ô‡∂±‡∑ô‡∂ö‡∑ä ‡∑Ä‡∑í‡∂Ø‡∑í‡∑Ñ‡∂ß ‡∂ö‡∑í‚Ä¶ https://t.co/HV5mmqkBQw,0
"‡∂∏‡∑ô‡∑Ñ‡∑ô‡∂∏ ‡∑Ñ‡∑í‡∂≠‡∑ô‡∂± ‡∂ë‡∂ö ‡∑É‡∑è‡∂∞‡∑è‡∂ª‡∂´‡∂∫‡∑í
‡∑É‡∑í‡∂∫‡∑Ö‡∑î‡∂∏ ‡∑Ä‡∂ú‡∂ö‡∑ì‡∂∏‡∑ä ‡∑Ä‡∂Ω‡∑í‡∂±‡∑ä ‡∂∏‡∑í‡∂Ø‡∑î‡∂±‡∑è ‡∂ö‡∑í‡∂∫‡∂±‡∑ä‡∂±‡∑ö 
‡∂≠‡∂∏‡∂±‡∑ä ‡∂≠‡∂±‡∑í ‡∑Ä‡∑î‡∂´‡∑î ‡∂∂‡∑Ä‡∂∏ ‡∂±‡∑ô‡∑Ä‡∑ô‡∂∫‡∑í‡∂Ø?

‡∂≠‡∂±‡∑í ‡∂ö‡∂∏‡∂ß ‡∂ö‡∑è‡∂±‡∑ä‡∑É‡∑í‡∂∫‡∂ß ‡∂ö‡∂Æ‡∑è ‡∂ö‡∂ª‡∂±‡∑ä‡∂±‡∑Ä‚Ä¶ https://t.co/ZkewqzRSS5",0
@WaruAnu ‡∂í‡∂ö ‡∂±‡∂∏‡∑ä ‡∂á‡∂≠‡∑ä‡∂≠ ‡∂ö‡∂≠‡∑è‡∑Ä.. ‡∂í ‡∂∏‡∂±‡∑î‡∑É‡∑ä‡∑É‡∂∫‡∑è‡∂ß‡∂≠‡∑ä ‡∂Ø‡∂ª‡∑è‡∂ú‡∂±‡∑ä‡∂± ‡∂¥‡∑î‡∂Ω‡∑î‡∑Ä‡∂±‡∑ä ‡∂¥‡∑ä‚Äç‡∂ª‡∂∏‡∑è‡∂´‡∂∫‡∂ö‡∑ä ‡∂≠‡∑í‡∂∫‡∂±‡∑Ä‡∑è ‡∂±‡∑ö.. üòÇüòÇüòÇ,0
"‡∂ª‡∂ß‡∑Ä‡∂Ω‡∑ä ‡∂Ø‡∑è‡∂Ω‡∑è ‡∂Ø‡∑ú‡∑É‡∑ä‡∂≠‡∂ª‡∂Ω‡∑è ‡∂∫‡∂±‡∑Ä‡∑è. ‡∂∏‡∑í‡∂±‡∑í‡∑Ñ‡∑è ‡∑É‡∂Ç‡∂†‡∑è‡∂ª‡∂ö ‡∑É‡∂≠‡∑ô‡∂ö‡∑ä. ‡∑Ñ‡∑ê‡∂∂‡∑ê‡∂∫‡∑ì ‡∂Ö‡∂¥‡∑í ‡∑Ñ‡∂∫‡∑í‡∑Ä‡∑ö ‡∑Ä‡∑ô‡∂±‡∑î‡∑Ä‡∂ß, ‡∑É‡∑û‡∂õ‡∑ä‚Äç‡∂∫ ‡∑É‡∑ö‡∑Ä‡∂∫‡∂ß ‡∂∏‡∑î‡∂Ø‡∂Ω‡∑ä ‡∂∫‡∑ô‡∂Ø‡∑î‡∑Ä‡∑è ‡∂±‡∂∏‡∑ä, ‡∂¥‡∂ª‡∂´ ‡∂ú‡∑è‡∂Ω‡∑î ‡∂¥‡∑è‚Ä¶ https://t.co/h2F3nEI0Za",0
"‡∂∏‡∂Ω‡∑ä ‡∂∏‡∂Ω‡∑ä ‡∑Ñ‡∑ê‡∂ü‡∑î‡∂∏‡∑ô‡∂±‡∑ä ‡∂¥‡∑ê‡∂≠‡∑î‡∂∏‡∑ä ‡∂¥‡∑í‡∂ª‡∑ì
‡∑É‡∂≥‡∑ô‡∑Ñ‡∑ì ‡∂ª‡∂±‡∑ä‡∑Ä‡∂±‡∑ä ‡∂ö‡∑ê‡∑Ö‡∑î‡∂∏‡∑ä ‡∂Ø‡∑í‡∂Ø‡∑ì
‡∂Ü‡∂Ø‡∂ª‡∑ô ‡∂Ω‡∑ê‡∂∂ ‡∂Ω‡∑ê‡∂∂ ‡∑É‡∑í‡∂∫‡∂Ω‡∑ä ‡∑É‡∑í‡∂ª‡∑ì
‡∑É‡∑ê‡∂ª‡∂Ø‡∑ö ‡∂¥‡∂≠‡∂∏‡∑ì ‡∂Ø‡∑í‡∂ú‡∑è ‡∑É‡∑í‡∂ª‡∑ì

‡∑É‡∑ê‡∂¥‡∑É‡∑ö ‡∑É‡∑î‡∑Ä‡∑É‡∑ö ‡∑Ä‡∑ê‚Ä¶ https://t.co/UQ8xdrBFqQ",0
@22Dinuk ‡∂Ω‡∂Ç‡∂ö‡∑è‡∑Ä‡∑ö ‡∂â‡∂±‡∑ä‡∂± ‡∂∂‡∂Ω‡∂∞‡∑è‡∂ª‡∑í‡∂∫‡∑ù (‡∂Ø‡∑ö‡∑Å‡∂¥‡∑è‡∂Ω‡∂± ‡∂Ö‡∂∞‡∑í‡∂ö‡∑è‡∂ª‡∑í‡∂∫ ‡∂á‡∂≠‡∑î‡∑Ö‡∑î‡∑Ä) ‡∂¥‡∑ú‡∂Ω‡∑ä ‡∑Ñ‡∂ª‡∂ö‡∑ä.. ‡∂ã‡∂±‡∑ä‡∂ú‡∑ö ‡∂Ø‡∑ö‡∑Ä‡∂Ω‡∑ä ‡∂ú‡∑ê‡∂± ‡∂Ö‡∑Ä‡∂∞‡∑è‡∂±‡∂∫ ‡∂∫‡∑ú‡∂∏‡∑î ‡∂ö‡∂ª‡∂±‡∑ä‡∂± ‡∂∏‡∑ú‡∂ö‡∂ö‡∑ä ‡∑Ñ‡∂ª‡∑í ‡∂Ω‡∑ô‡∑É‚Ä¶ https://t.co/8VjIz0Dxjv,0
"RT @bakeermarkar: ‡∂∏‡∑ö ‡∂ª‡∂ß‡∑ö ‡∂Ö‡∂≠‡∑í ‡∂∂‡∑Ñ‡∑î‡∂≠‡∂ª‡∂∫ ‡∂¢‡∂±‡∂≠‡∑è‡∑Ä ‡∑Ä‡∑ì‡∂Ø‡∑í ‡∂∂‡∑ê‡∑Ñ‡∑ê‡∂Ω ‡∑Ñ‡∂¨‡∂±‡∑ê‡∂ú‡∑î‡∑Ä‡∑ô ‡∂≠‡∂∏‡∂±‡∑ä ‡∂∏‡∑î‡∑Ñ‡∑î‡∂´ ‡∂Ø‡∑ì‡∂Ω‡∑è ‡∂â‡∂±‡∑ä‡∂± ‡∂Ø‡∑î‡∂ö, ‡∑Ä‡∑ö‡∂Ø‡∂±‡∑è‡∑Ä ‡∂ú‡∑ê‡∂± ‡∂¥‡∂∏‡∂´‡∂ö‡∑ä ‡∂∏ ‡∂±‡∑ú‡∑Ä‡∑ö. ‡∂î‡∑Ä‡∑î‡∂±‡∑ä ‡∂∏‡∑ö ‡∂¥‡∑Ä‡∂≠‡∑í‡∂± ‡∑É‡∑è‡∂∏‡∑ä‡∂¥‡∑ä‚Äç‡∂ª‡∂Ø‡∑è‚Ä¶",0
‡∂Ø‡∑î‡∂ö‡∑ä ‡∑Ä‡∑í‡∂≥‡∂¥‡∑î ‡∂±‡∑ê‡∂≠‡∑í ‡∂ö‡∑ô‡∂±‡∑ô‡∂ö‡∑ä ‡∂±‡∑ê‡∂≠‡∑í ‡∑Ä‡∑î‡∂´‡∑è‡∂ß ‡∂Ø‡∑î‡∂ö ‡∂Ø‡∑ê‡∂ö‡∂¥‡∑î ‡∂Ö‡∂∫ ‡∂Ö‡∂≠‡∑í ‡∂Ø‡∑î‡∂ª‡∑ä‡∂Ω‡∂∑‡∂∫‡∑í ‡∂∏‡∑í‡∂≠‡∑ä‚Äç‡∂ª‡∂∫‡∑è ......,0
"‡∑É‡∂ü‡∂ª‡∑è‡∑Ä‡∂ö ‡∂±‡∑î‡∂π ‡∂Ø‡∑î‡∂ß‡∑í‡∂∏‡∑í.

‡∂±‡∑í‡∂ö‡∂Ω‡∑ê‡∂Ω‡∑ä ‡∑Ñ‡∂Ø‡∑Ä‡∂≠‡∂ß ‡∂Ω‡∂Ç ‡∑Ä‡∑ô‡∂±‡∑ä‡∂±
‡∂ö‡∑ô‡∑Ñ‡∑ô‡∂ª‡∑ê‡∂Ω‡∑ä ‡∂∏‡∂Ø‡∂ö‡∑ä ‡∂Ö‡∑Ñ‡∂ö‡∂ß ‡∂ú‡∂±‡∑ä‡∂±
‡∑É‡∑î‡∑Ä‡∂≥‡∂ß ‡∑Ä‡∑í‡∂≠‡∂ª‡∂ö‡∑ä‡∂∏ ‡∂≠‡∑î‡∂ª‡∑î‡∂Ω‡∑î ‡∑Ä‡∑ô‡∂±‡∑ä‡∂±
‡∂ë‡∂¥‡∑è ‡∂î‡∂∫‡∑Ñ‡∑ê‡∂ß‡∑í ‡∂Ø‡∑ë‡∑É ‡∂≠‡∑ô‡∂∏‡∑Ä‡∂±‡∑ä‚Ä¶ https://t.co/c1m0io01QP",0
@JayaniFdo ‡∑Ñ‡∑ë‡∂∫‡∑í‡∂∫‡∂Ç ‡∂¢‡∑ô‡∂±‡∑í‡∂∫‡∂ö‡∑ä‡∂ö‡∑ô‚Ä¶ ‡∂Ø‡∑î‡∂ö ‡∑Ñ‡∑í‡∂≠‡∑í‡∂Ω ‡∂â‡∂±‡∑ä‡∂± ‡∑Ä‡∑ô‡∂Ω‡∑ö ‡∑Ñ‡∑í‡∂±‡∑É‡∑ä‡∑É‡∂±‡∑ä‡∂±‡∑ô‡∂¥ ‡∑Ñ‡∑î‡∂∏‡∑ä‡∂∏‡∑ä üòíüòí,0
"‡∑Ñ‡∂Ø ‡∂Ø‡∑ê‡∑Ä‡∑î‡∂±‡∑è ‡∂ö‡∂≥‡∑î‡∂Ω‡∑ö ‡∂ú‡∑í‡∂Ω‡∑î‡∂´‡∑è..
.
.
.
.
.
.
.
.
.
‡∂ª‡∑è‡∂¢‡∂¥‡∑î‡∂ª ‡∂¥‡∂Ç‡∂†‡∂∂‡∂Ω ‡∂Ö‡∂∏‡∑ò‡∂≠ ‡∂¥‡∑è‡∂±‡∂∫ ‡∂∂‡∑í‡∑Ä‡∑ä‡∑Ä‡∑è ‡∂±‡∂∏‡∑ä ‡∂ö‡∂≥‡∑î‡∑Ö‡∑î ‡∂ë‡∂±‡∑ä‡∂±‡∑ô‡∂≠‡∑ä ‡∂±‡∑ë üòÇ",0
"@aashinionline ‡∂∏‡∑ö ‡∂¥‡∑ú‡∂©‡∑í ‡∂ª‡∑É‡∑ä‡∂±‡∑í‡∂∫ ‡∂Ø‡∂ª‡∑è‡∂ú‡∂±‡∑ä‡∂± ‡∂Ö‡∂¥‡∑í‡∂ß ‡∂∂‡∑ê‡∂ª‡∑í ‡∑Ñ‡∑ê‡∂ß‡∑í, ‡∂Ö‡∂ª‡∑è‡∂∂‡∑í‡∂ö‡∂ª‡∂∫‡∑ö ‡∂ë‡∑Ö‡∑í‡∂∫‡∑ô ‡∑Ä‡∑ê‡∂© ‡∂ö‡∂ª‡∂± ‡∂Ö‡∂¥‡∑ö ‡∑É‡∑Ñ‡∑ù‡∂Ø‡∂ª ‡∑Ä‡∂ª‡∑î ‡∂ö‡∑ú‡∂†‡∑ä‡∂†‡∂ª ‡∂Ø‡∑î‡∂ö‡∑ä ‡∑Ä‡∑í‡∂≥‡∑í‡∂±‡∑Ä‡∑è ‡∂á‡∂≠‡∑í‡∂Ø ‡∂±‡∑ö‡∂Ø?",0
"RT @bakeermarkar: ‡∂∏‡∑ö ‡∂ª‡∂ß‡∑ö ‡∂Ö‡∂≠‡∑í ‡∂∂‡∑Ñ‡∑î‡∂≠‡∂ª‡∂∫ ‡∂¢‡∂±‡∂≠‡∑è‡∑Ä ‡∑Ä‡∑ì‡∂Ø‡∑í ‡∂∂‡∑ê‡∑Ñ‡∑ê‡∂Ω ‡∑Ñ‡∂¨‡∂±‡∑ê‡∂ú‡∑î‡∑Ä‡∑ô ‡∂≠‡∂∏‡∂±‡∑ä ‡∂∏‡∑î‡∑Ñ‡∑î‡∂´ ‡∂Ø‡∑ì‡∂Ω‡∑è ‡∂â‡∂±‡∑ä‡∂± ‡∂Ø‡∑î‡∂ö, ‡∑Ä‡∑ö‡∂Ø‡∂±‡∑è‡∑Ä ‡∂ú‡∑ê‡∂± ‡∂¥‡∂∏‡∂´‡∂ö‡∑ä ‡∂∏ ‡∂±‡∑ú‡∑Ä‡∑ö. ‡∂î‡∑Ä‡∑î‡∂±‡∑ä ‡∂∏‡∑ö ‡∂¥‡∑Ä‡∂≠‡∑í‡∂± ‡∑É‡∑è‡∂∏‡∑ä‡∂¥‡∑ä‚Äç‡∂ª‡∂Ø‡∑è‚Ä¶",0
"@iamgayash ‡∑Ñ‡∑ú‡∂≥ ‡∂Ö‡∂≠‡∑ä‡∂≠‡∂ö‡∑ä ‡∑Ñ‡∂∏‡∑ä‡∂∂‡∑Ä‡∑ô‡∂±‡∂ö‡∂Ç ‡∂Ø‡∑î‡∂ö ‡∂Ö‡∑Ñ‡∂±‡∑ä‡∂±, ‡∑Ñ‡∑ú‡∂ª‡∑í ‡∂ö‡∑É‡∂±‡∑ä‡∂± , ‡∂ú‡∑í‡∂±‡∑í ‡∂¥‡∑í‡∂π‡∑í‡∂±‡∑ä‡∂±.",0
"‡∑Ä‡∑ô‡∂± ‡∂Ö‡∂∫‡∂ß ‡∂Ω‡∂Ç‡∑Ä‡∑ì‡∂∏ ‡∂∏‡∂ß ‡∂Ø‡∂ª‡∑è‡∂ú‡∂±‡∑ä‡∂± ‡∂∂‡∑ê‡∂ª‡∑í‡∑Ä‡∑î‡∂´‡∑è! ‡∂ã‡∑É ‡∂≠‡∂ª‡∑î‡∂´‡∂∫‡∑ô‡∂ö‡∑ä ‡∂Ω‡∑ê‡∂∂‡∑ô‡∂±‡∂≠‡∑î‡∂ª‡∑î ‡∂∂‡∂Ω‡∑è¬†‡∑É‡∑í‡∂ß‡∑í‡∂±¬†‡∑Å‡∑ô‡∑Ñ‡∑è‡∂±‡∑í - Cafe R with DEARO

Watch Now:‚Ä¶ https://t.co/ZPu8coPeBu",0
"RT @619Sniper619Bot: ‡∂¥‡∑è‡∂Ω‡∑î‡∑Ä ‡∂Ö‡∂≠‡∂ª‡∑í‡∂±‡∑ä ‡∂∏‡∑ê‡∑Ä‡∑ô‡∂±‡∑è ‡∂∏‡∂≠‡∂ö‡∂∫...üíî
‡∂¥‡∑ë‡∂ª‡∑ô‡∂∫‡∑í ‡∂∏‡∂ú‡∑ô ‡∑Ñ‡∂Ø ‡∂¥‡∑ä‚Äç‡∂ª‡∑ö‡∂∏‡∂∫ ‡∑É‡∑í‡∑Ñ‡∑í‡∂ö‡∂ª..üíî
‡∂ã‡∂´‡∑î‡∑É‡∑î‡∂∏‡∑ä ‡∂ö‡∂Ø‡∑î‡∂Ω‡∂ö‡∑ä ‡∂Ø‡∑ô‡∂ö‡∂∂‡∑î‡∂Ω ‡∑É‡∑í‡∂∏‡∑ä‡∂∂‡∂ß..üíî
‡∂ö‡∂∏‡∑ä‡∂±‡∑ë ‡∂∏‡∑ö ‡∂Ø‡∑î‡∂ö ‡∂±‡∑ú‡∂≠‡∑ô‡∂ª‡∑ô‡∂∫‡∑í ‡∂î‡∑Ñ‡∑î‚Ä¶",0
"‡∂¥‡∑è‡∂Ω‡∑î‡∑Ä ‡∂Ö‡∂≠‡∂ª‡∑í‡∂±‡∑ä ‡∂∏‡∑ê‡∑Ä‡∑ô‡∂±‡∑è ‡∂∏‡∂≠‡∂ö‡∂∫...üíî
‡∂¥‡∑ë‡∂ª‡∑ô‡∂∫‡∑í ‡∂∏‡∂ú‡∑ô ‡∑Ñ‡∂Ø ‡∂¥‡∑ä‚Äç‡∂ª‡∑ö‡∂∏‡∂∫ ‡∑É‡∑í‡∑Ñ‡∑í‡∂ö‡∂ª..üíî
‡∂ã‡∂´‡∑î‡∑É‡∑î‡∂∏‡∑ä ‡∂ö‡∂Ø‡∑î‡∂Ω‡∂ö‡∑ä ‡∂Ø‡∑ô‡∂ö‡∂∂‡∑î‡∂Ω ‡∑É‡∑í‡∂∏‡∑ä‡∂∂‡∂ß..üíî
‡∂ö‡∂∏‡∑ä‡∂±‡∑ë ‡∂∏‡∑ö ‡∂Ø‡∑î‡∂ö ‡∂±‡∑ú‡∂≠‡∑ô‡∂ª‡∑ô‡∂∫‡∑í‚Ä¶ https://t.co/HCJyJKG3XD",0
"@ManikkageYasuni ‡∂∏‡∂ú‡∑ô‡∂≠‡∑ä ‡∂ö‡∂ß ‡∑Ñ‡∑ú‡∂≥ ‡∂±‡∑ê‡∑Ñ‡∑ê ‡∂±‡∑ö ‡∂∫‡∑É‡∑î‡∂±‡∑í. ‡∂∏‡∑ê‡∂ª‡∑ô‡∂±‡∑ä‡∂± ‡∑Ä‡∑ô‡∂±‡∑ä‡∂±‡∑ô ‡∂≠‡∑Ä ‡∂¥‡∑ú‡∂©‡∑ä‡∂©‡∑ô‡∂±‡∑ä.
‡∂∏‡∂ú‡∑ô‡∂≠‡∑ä ‡∂∏‡∑ú‡∂ö‡∂ö‡∑ä ‡∑Ñ‡∂ª‡∑í ‡∂á‡∂Ω‡∂¢‡∑í ‡∑É‡∑ì‡∂±‡∑ä ‡∂ë‡∂ö‡∂ö‡∑ä ‡∂≠‡∑í‡∂∫‡∑ö. ‡∂Ö‡∂¥‡∑ö‚Ä¶ https://t.co/v9YKkvA398",0
"‡∂∂‡∑î‡∂Ø‡∑î‡∑Ñ‡∑è‡∂∏‡∑î‡∂Ø‡∑î‡∂ª‡∑î‡∑Ä‡∑ú ‡∑Ä‡∑ê‡∂©‡∑í‡∂∫‡∑è ‡∑Ä‡∑è‡∂ú‡∑ô‡∂∫‡∑í
‡∂¥‡∑í‡∂±‡∑ä‡∂∂‡∂ª ‡∑É‡∑î‡∑Ä‡∑è‡∂∏‡∑í‡∂±‡∑ö
‡∂Ø‡∑î‡∂ö ‡∑Ñ‡∑í‡∂≠‡∑í‡∂Ω‡∂Ø ‡∑Ñ‡∑í‡∂ª‡∂ú‡∑ô‡∂Ø‡∂ª‡∂ß ‡∑Ä‡∑ê‡∂©‡∑í‡∂∫‡∑ö ‡∂∏‡∑è‡∂ú‡∑ö ‡∂∏‡∂ª‡∂´ ‡∂Ø‡∑í‡∂±‡∑ö
‡∂∏‡∂ú‡∑ô ‡∂Ö‡∂∏‡∑ä‡∂∏‡∑è‡∑Ä‡∂≠‡∑ä ‡∂Ø‡∑ú‡∂ª‚Äç‡∂ß‡∑î‡∑Ä ‡∂Ö‡∂Ø‡∑ä‡∂Ø‡∂ª
‡∑Ñ‡∑í‚Ä¶ https://t.co/zAMBxP1HUK",0
"@KOTTANOFFICIAL ‡∂∏‡∂ß ‡∂∏‡∑ö ‡∂Ω‡∂ü‡∂Ø‡∑í ‡∂ß‡∑î‡∂ö‡∑ä ‡∂ß‡∑î‡∂ö‡∑ä ‡∂ë‡∂ö‡∂ö ‡∂∂‡∑î‡∑Ä‡∑ô‡∂ö‡∑ä ‡∂ö‡∑í‡∂∫‡∂±‡∑Ä‡∑è, ‡∂Ö‡∂ö‡∑î‡∂´‡∂ö‡∑ä ‡∑Ñ‡∂ª‡∑í ‡∂ú‡∑Ñ‡∂Ω‡∑è ‡∂∏‡∑ê‡∂ª‡∑î‡∂±‡∑ú‡∂≠‡∑ä ‡∂ú‡∑ê‡∂∏‡∑ä‡∂∏‡∑ô‡∂±‡∑ä ‡∂∏‡∑ê‡∂ª‡∑ô‡∂±‡∑ä‡∂± ‡∂ï‡∂±‡∑ö ‡∂ë‡∂ö‡∂ß ‡∑É‡∑í‡∂ú‡∂ª‡∂ß‡∑ä ‡∂ë‡∂ö‚Ä¶ https://t.co/UxBKeM7M7z",0
"‡∂∏‡∑ô‡∑Ñ‡∑ô‡∂∏‡∂∫‡∑í ‡∂â‡∂≠‡∑í‡∂±‡∑ä...
‡∂∏‡∂±‡∑î‡∑É‡∑ä‡∑É‡∂∫‡∑ô‡∂ö‡∑ä ‡∂Ø‡∑ô‡∂∫‡∂ö‡∑ä ‡∂ö‡∑í‡∂∫‡∑Ä‡∂Ω‡∑è , ‡∑Ñ‡∑ú‡∂∫‡∂Ω‡∑è ‡∂∂‡∂Ω‡∂Ω‡∑è ‡∂Ø‡∑ê‡∂±‡∂ú‡∂±‡∑ä‡∂± , 
‡∂í ‡∂∏‡∂±‡∑î‡∑É‡∑ä‡∑É‡∂∫‡∑è professor ‡∂ö‡∑ô‡∂±‡∑ô‡∂ö‡∑ä ‡∑Ä‡∑ô‡∂±‡∑ä‡∂±‡∂∏ ‡∂ï‡∂±‡∑í ‡∂ö‡∑í‡∂∫‡∂Ω‡∑è ‡∂∏‡∂≠‡∂∫‡∂ö‡∑ä‚Ä¶ https://t.co/JjdIaydoYg",0
"‡∂∏‡∑ö ‡∂ª‡∂ß‡∑ö ‡∂Ö‡∂≠‡∑í ‡∂∂‡∑Ñ‡∑î‡∂≠‡∂ª‡∂∫ ‡∂¢‡∂±‡∂≠‡∑è‡∑Ä ‡∑Ä‡∑ì‡∂Ø‡∑í ‡∂∂‡∑ê‡∑Ñ‡∑ê‡∂Ω ‡∑Ñ‡∂¨‡∂±‡∑ê‡∂ú‡∑î‡∑Ä‡∑ô ‡∂≠‡∂∏‡∂±‡∑ä ‡∂∏‡∑î‡∑Ñ‡∑î‡∂´ ‡∂Ø‡∑ì‡∂Ω‡∑è ‡∂â‡∂±‡∑ä‡∂± ‡∂Ø‡∑î‡∂ö, ‡∑Ä‡∑ö‡∂Ø‡∂±‡∑è‡∑Ä ‡∂ú‡∑ê‡∂± ‡∂¥‡∂∏‡∂´‡∂ö‡∑ä ‡∂∏ ‡∂±‡∑ú‡∑Ä‡∑ö. ‡∂î‡∑Ä‡∑î‡∂±‡∑ä ‡∂∏‡∑ö ‡∂¥‡∑Ä‡∂≠‡∑í‡∂± ‡∑É‡∑è‡∂∏‡∑ä‚Ä¶ https://t.co/cZfZWVXWO3",0
@shanki_thewitch ‡∂Ø‡∑î‡∂ö ‡∂≠‡∂∏‡∂∫‡∑í ‡∂ª‡∂Ç‡∂¢‡∂±‡∑ì ü•≤,0
"‡∂ö‡∂±‡∂ß ‡∂≠‡∑ù‡∂©‡∑î ‡∂¥‡∑Ö‡∂≥‡∑Ä‡∂±‡∑è
‡∂ö‡∂±‡∑ä‡∂¥‡∑ô‡∂≠‡∑í ‡∂ö‡∂ß‡∑î‡∑Ä‡∑ô‡∂±‡∑ä ‡∑Ä‡∑í‡∂Ø‡∑í‡∂±‡∑è
‡∂Ø‡∑Ä‡∑É‡∂ö‡∑ä ‡∂ë‡∂± ‡∂∂‡∑Ä ‡∑Ñ‡∑ê‡∂ü‡∑î‡∂´‡∑è
‡∂≠‡∑è‡∂≠‡∑ä‡∂≠‡∑è‡∂ß ‡∂Ø‡∑î‡∂ö ‡∑Ñ‡∑í‡∂≠‡∑î‡∂´‡∑è ‚ù§Ô∏è",0
@aashinionline ‡∂ë‡∂¥‡∑è ‡∂ë‡∂ö‡∑ä‡∂ö‡∑ù ‡∂Ø‡∑î‡∂ö ‡∑Ñ‡∑í‡∂≠‡∑ô‡∂∫‡∑í ‡∂î‡∂∫‡∑è‡∂ß üåù,0
@aashinionline ‡∂Ü ‡∂á‡∂≠‡∑ä‡∂≠‡∑ô‡∂∫‡∑í ‡∂Ö‡∂¥‡∑í.‡∂±‡∑ê‡∂≠‡∑î‡∑Ä ‡∂Ø‡∑î‡∂ö ‡∑Ñ‡∑í‡∂≠‡∑ô‡∂∫‡∑í,0
‡∂∂‡∂Ω‡∑è‡∂¥‡∑ú‡∂ª‡∑ú‡∂≠‡∑ä‡∂≠‡∑î ‡∂á‡∂≠‡∑í ‡∂ö‡∂ª‡∂ú‡∑ê‡∂±‡∑ì‡∂∏ ‡∑É‡∑í‡∂∫‡∂Ø‡∑í‡∑Ä‡∑í ‡∂±‡∑É‡∑è‡∂ú‡∑ê‡∂±‡∑ì‡∂∏ ‡∑Ñ‡∑è ‡∑É‡∂∏‡∑è‡∂±‡∂∫...,0
@JayaniFdo ‡∂Ø‡∑î‡∂ö ‡∂±‡∑ê‡∂Ø‡∑ä‡∂Ø ‡∂î‡∂∫‡∑è‡∂ß ü•∫,0
"RT @induinduu: ‡∂á‡∂∫‡∑í ‡∂∂‡∂Ω‡∂±‡∑ä ‡∂î‡∂∫ ‡∂Ø‡∑ô‡∂±‡∑ô‡∂≠
‡∂≠‡∑Ä‡∂ö‡∑ô‡∂ö‡∑î ‡∂¥‡∑í‡∑Ñ‡∂Ø‡∑è‡∂±‡∂ö‡∂±‡∑ä ‡∂ã‡∂π‡∑ô ‡∂ö‡∂≥‡∑î‡∑Ö‡∑î... 
‡∂Ö‡∂Ø‡∑Ä‡∂≠‡∑ä ‡∑Ñ‡∑í‡∂≠ ‡∑Ñ‡∂Ø‡∂±‡∑ä 
‡∂±‡∑ê‡∂ú‡∑í‡∂ß‡∑í‡∂±‡∑ä‡∂± ‡∂≠‡∂±‡∑í‡∑Ä‡∂∏ ‡∂ã‡∂π‡∑ô ‡∑Ñ‡∑ô‡∂ß‡∂ß... ü§ç",0
"RT @singleromeoo: ‡∂≠‡∂±‡∑í‡∂ö‡∂©‡∑Ä ‡∂∏‡∑ê‡∂ª‡∑ô‡∂±‡∑ä‡∂±, ‡∂±‡∂∏‡∑î‡∂≠‡∑ä ‡∂ö‡∑Ä‡∂Ø‡∑è‡∑Ä‡∂≠‡∑ä ‡∂ö‡∑í‡∑É‡∑í‡∑Ä‡∑ô‡∂ö‡∑î‡∂ú‡∑ô‡∂±‡∑ä ‡∂Ü‡∂Ø‡∂ª‡∂∫ ‡∂ö‡∂ª‡∂±‡∑ä‡∂±‡∑ê‡∂∫‡∑í ‡∂â‡∂Ω‡∑ä‡∂Ω‡∂±‡∑ä‡∂± ‡∂ë‡∂¥‡∑è ..! üåªüí´ https://t.co/FNetWMTbhp",0
@Pushpitha92Diss ‡∂ª‡∑í‡∂∫‡∂Ω‡∑ä ‡∂Ø‡∑î‡∂ö ü•≤ü•≤,0
"‡∑Ñ‡∑ù‡∂∏‡∑è‡∂ú‡∂∏ ‡∂ª‡∑ù‡∑Ñ‡∂Ω‡∑ö ‡∂ª‡∑ù‡∂ú‡∑í‡∂∫‡∑ô‡∂ö‡∑î ‡∂Ø‡∑ô‡∑Ä‡∑ê‡∂±‡∑í ‡∂∏‡∑Ñ‡∂Ω‡∑ô‡∂±‡∑ä ‡∂∂‡∑í‡∂∏‡∂ß ‡∂¥‡∂±‡∑ì

https://t.co/eyI4PIlhh0

#lka #SriLanka #Homagamahospital #suicide",0
@PichchaMala ‡∂¢‡∑í‡∑Ä‡∑í‡∂≠‡∑ö ‡∂Ω‡∑É‡∑ä‡∑É‡∂± ‡∂Ø ‡∂ö‡∑í‡∂∫‡∂Ω‡∑è ‡∂Ö‡∑Ñ‡∂±‡∑Ä‡∂ß ‡∑Ä‡∂©‡∑è ‡∂¢‡∑í‡∑Ä‡∑í‡∂≠‡∑ö ‡∑É‡∑ê‡∂¥ ‡∑É‡∂±‡∑ì‡∂¥ ‡∂Ø‡∑î‡∂ö ‡∂ú‡∑ê‡∂± ‡∂Ö‡∑Ñ‡∂±‡∑ä‡∂± ‡∂±‡∂∏‡∑ä ‡∂ö‡∑í‡∂∫‡∂±‡∑ä‡∂± ‡∂¥‡∑î‡∑Ö‡∑î‡∑Ä‡∂±‡∑ä üôÇ,0
"‡∂Ø‡∂ª‡∑è‡∂ú‡∑ê‡∂±‡∑ì‡∂∏‡∑ö ‡∑É‡∑ì‡∂∏‡∑è‡∑Ä ‡∂¥‡∑ê‡∂±‡∑ä‡∂±‡∂∏ ‡∑É‡∂∏‡∑Ñ‡∂ª ‡∂∏‡∑í‡∂±‡∑í‡∑É‡∑ä‡∑É‡∑î
‡∂¥‡∑î‡∂ª‡∑î‡∂Ø‡∑î ‡∑Ä‡∑ô‡∂±‡∑Ä ‡∑Ñ‡∑ê‡∂∏‡∂Ø‡∑ô‡∂∫‡∂ö‡∑ä‡∂∏ ‡∑Ñ‡∑í‡∂±‡∑è‡∑Ä‡∂ö‡∑í‡∂±‡∑ä
‡∂Ö‡∂≠‡∑ä‡∑Ñ‡∑ê‡∂ª‡∂Ω‡∑è ‡∂Ø‡∑è‡∂±‡∑ä‡∂±.

‡∂≠‡∑Ä‡∂≠‡∑ä ‡∑É‡∂∏‡∑Ñ‡∂ª‡∑î ‡∂¥‡∑î‡∂ª‡∑î‡∂Ø‡∑î ‡∑Ä‡∑ô‡∂±‡∑Ä‡∑è
‡∑Ñ‡∑ê‡∂∏ ‡∂Ø‡∑ô‡∂∫‡∂ö‡∑ä‡∂∏ ‡∂Ø‡∂ª‡∑è‡∂ú‡∂±‡∑ä‡∂±...
ü•∫üíîüåøüåé",0
"RT @tharinduij: ‡∂∏‡∑í‡∂Ω‡∑í‡∂∫‡∂± ‡∑Ä‡∑í‡∑É‡∑í ‡∂ú‡∂´‡∂±‡∂ö ‡∂ö‡∂≥‡∑î‡∑Ö‡∑î 

https://t.co/5jxK0LaJew",0
"RT @tharinduij: ‡∂∏‡∑í‡∂Ω‡∑í‡∂∫‡∂± ‡∑Ä‡∑í‡∑É‡∑í ‡∂ú‡∂´‡∂±‡∂ö ‡∂ö‡∂≥‡∑î‡∑Ö‡∑î 

https://t.co/5jxK0LaboY",0
"RT @adaderanasin: ‡∂ª‡∑ù‡∑Ñ‡∂Ω‡∑ä ‡∂ú‡∑ú‡∂©‡∂±‡∑ê‡∂ú‡∑í‡∂Ω‡∑ä‡∂Ω‡∑ô‡∂±‡∑ä ‡∂ª‡∑ù‡∂ú‡∑í‡∂∫‡∑ô‡∂ö‡∑ä ‡∂∂‡∑í‡∂∏‡∂ß ‡∂¥‡∂±‡∑ì

‡∑Ñ‡∑ù‡∂∏‡∑è‡∂ú‡∂∏ ‡∂∏‡∑ñ‡∂Ω‡∑í‡∂ö ‡∂ª‡∑ù‡∑Ñ‡∂Ω‡∑ö ‡∂ú‡∑ú‡∂©‡∂±‡∑ê‡∂ú‡∑í‡∂Ω‡∑ä‡∂Ω‡∂ö‡∑í‡∂±‡∑ä ‡∂¥‡∑ê‡∂± ‡∂ª‡∑ù‡∂ú‡∑í‡∂∫‡∑ô‡∂ö‡∑î ‡∑É‡∑í‡∂∫‡∂Ø‡∑í‡∑Ä‡∑í ‡∑Ñ‡∑è‡∂±‡∑í‡∂ö‡∂ª‡∂ú‡∑ô‡∂± ‡∂≠‡∑í‡∂∂‡∑ö.

‡∑Ä‡∑ê‡∂©‡∑í ‡∑Ä‡∑í‡∑É‡∑ä‡∂≠‚Ä¶",0
"RT @tharinduij: ‡∂¥‡∑ú‡∂Ω‡∑í‡∑É‡∑í‡∂∫ ‡∑Ñ‡∂Ç‡∂ú‡∂±‡∑ä‡∂± ‡∑Ñ‡∑ê‡∂Ø‡∑ñ ‡∂ö‡∂≥‡∑î‡∑Ö‡∑î ‡∂ú‡∑ë‡∑É‡∑ä ‡∑É‡∑è‡∂ö‡∑ä‡∂ö‡∑í ‡∂ë‡∑Ö‡∑í‡∂∫‡∂ß ; ‡∑Ä‡∑í‡∑Å‡∑ä‡∑Ä ‡∑Ä‡∑í‡∂Ø‡∑ä‚Äç‡∂∫‡∑è‡∂Ω ‡∂Ü‡∂ª‡∂ö‡∑ä‡∑Ç‡∂ö‡∂∫‡∑è‡∂ú‡∑ö ‡∂∂‡∑í‡∂ª‡∑í‡∂≥, ‡∂Ø‡∑î‡∑Ä ‡∑É‡∑è‡∂ö‡∑ä‡∂ö‡∑í ‡∂Ø‡∑ô‡∂∫‡∑í ; ‡∂ã‡∑É‡∑è‡∑Ä‡∑í‡∂∫‡∑ö ‡∑É‡∑í‡∂ß‡∑í ‡∑É‡∂ª‡∑É‡∑Ä‡∑í ‡∑É‡∑í‡∑É‡∑î‡∑Ä‡∑í‡∂∫‚Ä¶",0
"‡∂ª‡∑ù‡∑Ñ‡∂Ω‡∑ä ‡∂ú‡∑ú‡∂©‡∂±‡∑ê‡∂ú‡∑í‡∂Ω‡∑ä‡∂Ω‡∑ô‡∂±‡∑ä ‡∂ª‡∑ù‡∂ú‡∑í‡∂∫‡∑ô‡∂ö‡∑ä ‡∂∂‡∑í‡∂∏‡∂ß ‡∂¥‡∂±‡∑ì

‡∑Ñ‡∑ù‡∂∏‡∑è‡∂ú‡∂∏ ‡∂∏‡∑ñ‡∂Ω‡∑í‡∂ö ‡∂ª‡∑ù‡∑Ñ‡∂Ω‡∑ö ‡∂ú‡∑ú‡∂©‡∂±‡∑ê‡∂ú‡∑í‡∂Ω‡∑ä‡∂Ω‡∂ö‡∑í‡∂±‡∑ä ‡∂¥‡∑ê‡∂± ‡∂ª‡∑ù‡∂ú‡∑í‡∂∫‡∑ô‡∂ö‡∑î ‡∑É‡∑í‡∂∫‡∂Ø‡∑í‡∑Ä‡∑í ‡∑Ñ‡∑è‡∂±‡∑í‡∂ö‡∂ª‡∂ú‡∑ô‡∂± ‡∂≠‡∑í‡∂∂‡∑ö.

‡∑Ä‡∑ê‡∂©‡∑í‚Ä¶ https://t.co/bOqbEZpWPj",0
"‡∂∏‡∑í‡∑Ç‡∂±‡∑ä ""‡∂Ö‡∂∏‡∑ä‡∂∏‡∂ú‡∑ö ‡∂ã‡∂¥‡∂±‡∑ä‡∂Ø‡∑í‡∂±‡∑ö"" ‡∑É‡∂ö‡∑ä‡∑É‡∑ô‡∑É‡∑ä‡∑Ü‡∑î‡∂Ω‡∑í ‡∂ö‡∂∏‡∑ä‡∂¥‡∑ä‡∂Ω‡∑ì‡∂ß‡∂©‡∑ä ‡∑Ä‡∑í‡∂≠‡∑ä ‡∂¥‡∑Ä‡∑î‡∂Ω‡∑ö ‡∂Ö‡∂∫ ‡∂á‡∂±‡∑ä‡∂©‡∑ä ‡∑Ü‡∂∫‡∑í‡∑Ä‡∑ä ‡∂Ö‡∂Ø‡∂ª‡∑ä ‡∂†‡∑ñ‡∂ß‡∑ì ‡∂†‡∑ñ‡∂ß‡∑ì ‡∂ö‡∂≥‡∑î‡∑Ö‡∑î ‡∂∂‡∑í‡∂Ç‡∂Ø‡∑î ü•∞‚úÖ

‡∑É‡∑è‡∂Ø‡∂ª‡∂∫‡∑ô‡∂±‡∑ä ‡∂ë‚Ä¶ https://t.co/5gxeb9ZCrb",0
"While on the bus 

‡∂¥‡∑ê‡∂± ‡∑É‡∑ì‡∂∏‡∑è‡∑Ä‡∂±‡∑ä ‡∂ª‡∑É ‡∂∂‡∂Ω‡∂Ø‡∑ä‡∂Ø‡∑ì ‡∂Ü‡∂Ø‡∂ª‡∑ö
‡∂¥‡∑ê‡∂± ‡∂∫‡∂±‡∑Ä‡∑è‡∂∏‡∂∫‡∑í ‡∂∏‡∑í‡∂ª‡∑í‡∂ü‡∑î‡∑Ä ‡∂î‡∂∂‡∂ß‡∂≠‡∑ä ‡∂ª‡∑Ñ‡∑É‡∑ö
‡∂î‡∂∂ ‡∂ö‡∑ì ‡∂Ω‡∑ô‡∑É‡∂ß‡∂∏ ‡∂Ü‡∂∫‡∑ö
‡∂Ø‡∑î‡∂ö ‡∂±‡∂∏‡∑ä ‡∑Ö‡∂Ç‡∑Ä‡∑ô‡∂±‡∑Ä‡∑è‡∂∏‡∂∫‡∑í
‡∂∏‡∑è‡∂∫‡∑è‡∑Ä‡∂ö‡∑ä‡∂∏‡∂∫‡∑í ‡∂Ü‡∂Ø‡∂ª‡∑ö 
 So true üòÅ",0
"4/6

‡∂Ø‡∑ê‡∂±‡∑ä‡∑Ä‡∂≠‡∑ä ‡∂ã‡∂π‡∂Ω‡∂≠‡∑ä ‡∂î‡∂∫ ‡∂ö‡∂ª‡∑ö ‡∂≠‡∑í‡∂∫‡∑è‡∂ú‡∑ô‡∂± ‡∂∫‡∂± ‡∂¥‡∂ß‡∑î ‡∂∂‡∑ô‡∂Ø‡∑ì‡∂∏‡∑ä ‡∂∂‡∑í‡∂∏‡∑í‡∂±‡∑ä ‡∂≠‡∑í‡∂∫‡∂Ω‡∑è, ‡∂ä‡∂ß‡∂≠‡∑ä ‡∑Ä‡∂©‡∑è ‡∑Ä‡∑ê‡∂Ø‡∂ú‡∂≠‡∑ä, ‡∑Ñ‡∑ê‡∂∏‡∂ß ‡∂¥‡∑ú‡∂Ø‡∑î, ‡∑Ñ‡∑ê‡∂∏‡∂ß ‡∂∫‡∑Ñ‡∂¥‡∂≠‡∂ö‡∑ä ‡∑Ä‡∑ô‡∂± ‡∂Ø‡∑ô‡∂∫‡∂ö‡∑ä ‡∂ö‡∂ª‡∂ß‚Ä¶ https://t.co/13wJQhIrPu",0
‡∂∏‡∑î‡∂±‡∑í‡∑Ä‡∂≠ ‡∑Ñ‡∑ú‡∂Ø‡∂∫‡∑í ‡∂Ø‡∑ô‡∂∂‡∑É‡∑ö ‡∂Ø‡∑î‡∂ö ‡∑Ä‡∑ê‡∂©‡∑í ‡∑Ñ‡∑í‡∂±‡∑ä‡∂Ø‡∑è https://t.co/sGFwYBzpEp,0
"‡∑É‡∂Ç‡∑É‡∑ä‡∂Æ‡∑è‡∑Ä‡∂ß.

‡∂∑‡∑ñ‡∂∏‡∑í‡∂≠‡∑ô‡∂Ω‡∑ä ‡∑É‡∑Ñ‡∂±‡∑è‡∂∞‡∑è‡∂ª‡∑ö ‡∑Ä‡∑í‡∂≠‡∂ª‡∂ö‡∑ä 2018 ‡∂∂‡∑í‡∂Ω‡∑í‡∂∫‡∂± 7‡∂∫‡∑í. ‡∂ö‡∑ù‡∂ß‡∑ì 700‡∂ö‡∑ä. ‡∂ö‡∑ù‡∂ß‡∑í 700‡∂ö‡∑ä ‡∂Ø‡∑ê‡∂±‡∑ä ‡∑É‡∂Ç‡∑É‡∑ä‡∂Æ‡∑è‡∑Ä‡∂ß ‡∂¥‡∑è‡∂©‡∑î‡∂∫‡∑í. ‡∂ë‡∑Ñ‡∑ô‡∂∏ ‡∑É‡∑Ñ‡∂±‡∂∫‡∂ö‡∑ä ‡∂Ø‡∑ô‡∂±‡∑ä‡∂±‚Ä¶ https://t.co/gPB1uiZqnv",0
‡∂ö‡∂≥‡∑î‡∑Ö‡∑î ‡∂ú‡∑ë‡∑É‡∑ä ‡∂ö‡∑è‡∂Ω‡∑è ‡∑Ä‡∑É‡∂ª‡∂ö https://t.co/T91o1VPENF,0
"‡∂ú‡∑ô‡∂Ø‡∂ª ‡∂Ü‡∑Ä‡∂∏  ‡∂Ö‡∂¥‡∑í ‡∂Ø‡∂ö‡∑í‡∂±‡∑ä‡∂± ‡∂Ü‡∑É‡∂∏ ‡∂ö‡∑ô‡∂±‡∑è ‡∂Ω‡∂ú ‡∂±‡∑ë ‡∂ö‡∑í‡∂∫‡∂Ω‡∑è ‡∂Ø‡∑ê‡∂±‡∑ô‡∂±‡∑ä‡∂Ø‡∑í ‡∂í ‡∑Ä‡∑ö‡∂Ø‡∂±‡∑Ä‡∑è ‡∂Ø‡∂ª‡∑è‡∂ú‡∂±‡∑ä‡∂± ‡∂∏‡∑è‡∂ª‡∂∏ ‡∂Ö‡∂∏‡∂ª‡∑î‡∂∫‡∑í... ,‡∂ö‡∑è‡∂ß‡∑Ä‡∂≠‡∑ä ‡∂Ø‡∑ê‡∂±‡∑ô‡∂±‡∑ä ‡∂±‡∑ê‡∂≠‡∑í ‡∂í ‡∂¥‡∑è‡∂Ω‡∑î‡∑Ä ‡∂Ø‡∑î‡∂ö‚Ä¶ https://t.co/wpDcJgqKJS",0
"‡∂Ω‡∑ú‡∂ö‡∑î ‡∂∂‡∂©‡∂ú‡∑í‡∂±‡∑ä‡∂±‡∂ö‡∑ä ‡∂≠‡∑í‡∂∫‡∑ô‡∂±‡∑Ä‡∑è. ‡∂ã‡∂Ø‡∑ö ‡∑Ñ‡∑ê‡∂∏‡∑ù‡∂∏ ‡∂ö‡∑í‡∂∫‡∂Ø‡∑ä‡∂Ø‡∑í ‡∂∏‡∂Ç ‡∂ö‡∑è‡∂Ω‡∑è ‡∂Ü‡∑Ä‡∑ö ‡∂±‡∑ë, ‡∂Ø‡∑î‡∂ö mood ‡∂ë‡∂ö‡∂ö‡∑ä ‡∂¥‡∑ô‡∂±‡∑ä‡∂±‡∑î‡∑Ä ‡∂∏‡∑í‡∑É ‡∂ú‡∑ô‡∂Ø‡∂ª ‡∂Ö‡∂∫‡∂ß! ü•π",0
@HasalaNimmana @indika27 ‡∂ë‡∂Ø‡∑è ‡∂Ö‡∂±‡∑î‡∂ª‡∑è‡∂Ø‡∂¥‡∑î‡∂ª‡∑ö ‡∂∏‡∑í‡∂±‡∑í‡∑É‡∑ä‡∑É‡∑î ‡∂∂‡∑ú‡∑Ñ‡∑ú‡∂∏ ‡∂Ø‡∂ª‡∑î‡∂´‡∑î ‡∂ª‡∂¢‡∑ô‡∂ö‡∑ä ‡∂∫‡∂ß‡∂≠‡∑ö ‡∂∂‡∑ú‡∑Ñ‡∑ú‡∂∏ ‡∂Ø‡∑î‡∂ö ‡∑É‡∑ö ‡∂â‡∂Ø‡∂Ω‡∑è ‡∂≠‡∑í‡∂∫‡∑ô‡∂±‡∑Ä‡∑è ‡∂ö‡∑í‡∂∫‡∂Ω‡∑è ‡∂±‡∑ê‡∑Ñ‡∑ê ‡∂±‡∑ö‡∂Ø?,0
RT @UNPunOfficial: ‡∂Ö‡∂ª‡∂ú‡∂Ω ‡∂ö‡∑è‡∂Ω‡∑ö IMF ‡∂∫‡∂±‡∑ä‡∂± ‡∂ö‡∑í‡∂∫‡∂Ω‡∑è ‡∂∏‡∑ê‡∂ª‡∑ô‡∂±‡∑ä‡∂± ‡∑Ñ‡∂Ø‡∂¥‡∑î ‡∂Ö‡∂ª‡∂ú‡∂Ω‡∂ö‡∑è‡∂ª‡∂∫‡∑ù ‡∂ß‡∑í‡∂ö ‡∂≠‡∑Ä ‡∂¥‡∑ú‡∂©‡∑ä‡∂©‡∑ô‡∂±‡∑ä ‡∂ú‡∑ù‡∂®‡∑è ‡∂¥‡∂±‡∑ä‡∂±‡∂Ω‡∑è ‡∂∂‡∂Ω‡∂∫ ‡∂Ø‡∑ô‡∂±‡∑ä‡∂± ‡∑Ñ‡∑í‡∂ß‡∑í‡∂∫‡∑ö ‡∂∏‡∑î‡∂Ç ‡∑Ä‡∂ú‡∑ö ‡∂ë‡∑Ä‡∑î‡∂±‡∑ä‡∂ß ‡∂±‡∑ö‡∂Ø?üòÜ https:‚Ä¶,0
@pramodVimukthi1 ‡∂Ø‡∑î‡∂ö ‡∑Ñ‡∑í‡∂≠‡∑í‡∂Ω‡∑è ‡∑Ä‡∂ú‡∑ö üíî,0
@safaris03 ‡∂í‡∂ö‡∂ß‡∂±‡∂∏‡∑ä ‡∂Ø‡∑î‡∂ö ‡∑Ñ‡∑í‡∂≠‡∑î‡∂± ü§ßü•π,0
"‡∂Ö‡∂¥‡∑Ñ‡∑è‡∑É ‡∑Ä‡∂Ω‡∑í‡∂±‡∑ä ‡∂â‡∂ú‡∑ô‡∂± ‡∂ú‡∂≠‡∑ä‡∂≠‡∑è ‡∂Ø‡∂ª‡∑è‡∂ú‡∂±‡∑ä‡∂± ‡∑Ä‡∑í‡∂Ø‡∑í‡∑Ñ..
‡∂∂‡∑ê‡∂±‡∑î‡∂∏‡∑ä ‡∑Ä‡∂Ω‡∑í‡∂±‡∑ä ‡∂â‡∂ú‡∑ô‡∂± ‡∂ú‡∂≠‡∑ä‡∂≠‡∑è ‡∑Ñ‡∑í‡∂±‡∑è ‡∑Ä‡∑ô‡∂± ‡∑Ä‡∑í‡∂Ø‡∑í‡∑Ñ...
‡∂ª‡∑í‡∂Ø‡∑ä‡∂Ø‡∂± ‡∂Ö‡∂∫‡∂ú‡∑ô‡∂±‡∑ä ‡∂â‡∂ú‡∑ô‡∂± ‡∂ú‡∂≠‡∑ä‡∂≠‡∑è ‡∂±‡∑í‡∑Ñ‡∂¨‡∑Ä ‡∂â‡∂±‡∑ä‚Ä¶ https://t.co/9vnK3NKLcx",0
"@chapaerandi ‡∂Ö‡∂±‡∑ä‡∂≠‡∑í‡∂∏ ‡∂ö‡∑ë‡∂Ω‡∑ä‡∂Ω‡∂ß ‡∂Ø‡∑î‡∂ö ‡∑Ñ‡∑í‡∂≠‡∑î‡∂´‡∑è. 
‡∂±‡∑î‡∑Ä‡∂ª‡∂ë‡∑Ö‡∑í‡∂∫ ‡∂¥‡∑ê‡∂≠‡∑ä‡∂≠‡∑ö ‡∂ö‡∑ñ‡∂Ω‡∑ä climate ‡∂ë‡∂ö‡∂ß ‡∑Ä‡∑ô‡∂Ω‡∑è ‡∂¢‡∑ú‡∂∂‡∑ä ‡∂ë‡∂ö‡∂ö‡∑ä ‡∂ö‡∂ª‡∂± ‡∂ë‡∂ö ‡∂∏‡∂ß ‡∑Ñ‡∑ì‡∂±‡∂∫‡∂ö‡∑ä. ‡∂ë‡∑Ñ‡∑ô‡∂∏ ‡∑Ñ‡∑í‡∂ß‚Ä¶ https://t.co/2ZhByXPaGc",0
"‡∂â‡∂≠‡∑í‡∂±‡∑ä ‡∂±‡∑î‡∂π ‡∂≠‡∑Ä ‡∂Ø‡∑î‡∂ª ‡∂ú‡∑í‡∂∫‡∑ù‡∂≠‡∑í‡∂±‡∑ä
‡∂∏‡∑è‡∑Ä ‡∂Ö‡∂∏‡∂≠‡∂ö ‡∂±‡∑ú‡∑Ä‡∑ô‡∂±‡∑ä‡∂±..
‡∑Ñ‡∑í‡∂≠ ‡∑Ñ‡∑ê‡∂Ø‡∑ô‡∂±‡∑ä‡∂±‡∂ß ‡∂Ø‡∑î‡∂ö ‡∂±‡∑í‡∑Ä‡∑ô‡∂±‡∑ä‡∂±‡∂ß
‡∂∏‡∂ß‡∂≠‡∑ä ‡∂ö‡∑Ä‡∑í‡∂∫‡∂ö‡∑ä ‡∂Ω‡∑í‡∂∫‡∂±‡∑ä‡∂±ü•Ä..",0
‡∂Ö‡∂ª‡∂ú‡∂Ω ‡∂ö‡∑è‡∂Ω‡∑ö IMF ‡∂∫‡∂±‡∑ä‡∂± ‡∂ö‡∑í‡∂∫‡∂Ω‡∑è ‡∂∏‡∑ê‡∂ª‡∑ô‡∂±‡∑ä‡∂± ‡∑Ñ‡∂Ø‡∂¥‡∑î ‡∂Ö‡∂ª‡∂ú‡∂Ω‡∂ö‡∑è‡∂ª‡∂∫‡∑ù ‡∂ß‡∑í‡∂ö ‡∂≠‡∑Ä ‡∂¥‡∑ú‡∂©‡∑ä‡∂©‡∑ô‡∂±‡∑ä ‡∂ú‡∑ù‡∂®‡∑è ‡∂¥‡∂±‡∑ä‡∂±‡∂Ω‡∑è ‡∂∂‡∂Ω‡∂∫ ‡∂Ø‡∑ô‡∂±‡∑ä‡∂± ‡∑Ñ‡∑í‡∂ß‡∑í‡∂∫‡∑ö ‡∂∏‡∑î‡∂Ç ‡∑Ä‡∂ú‡∑ö ‡∂ë‡∑Ä‡∑î‡∂±‡∑ä‡∂ß ‡∂±‡∑ö‡∂Ø?üòÜ https://t.co/n0H3JXJkw7,0
"RT @singleromeoo: ‡∂≠‡∂±‡∑í‡∂ö‡∂©‡∑Ä ‡∂∏‡∑ê‡∂ª‡∑ô‡∂±‡∑ä‡∂±, ‡∂±‡∂∏‡∑î‡∂≠‡∑ä ‡∂ö‡∑Ä‡∂Ø‡∑è‡∑Ä‡∂≠‡∑ä ‡∂ö‡∑í‡∑É‡∑í‡∑Ä‡∑ô‡∂ö‡∑î‡∂ú‡∑ô‡∂±‡∑ä ‡∂Ü‡∂Ø‡∂ª‡∂∫ ‡∂ö‡∂ª‡∂±‡∑ä‡∂±‡∑ê‡∂∫‡∑í ‡∂â‡∂Ω‡∑ä‡∂Ω‡∂±‡∑ä‡∂± ‡∂ë‡∂¥‡∑è ..! üåªüí´ https://t.co/FNetWMTbhp",0
"‡∂¥‡∑ä‚Äç‡∂ª‡∑è‡∂Æ‡∂∏‡∑í‡∂ö ‡∂Ö‡∂Ç‡∑Å‡∂∫ ‡∂ö‡∑í‡∂∫‡∂±‡∑ä‡∂±‡∑ô‡∂∏ ‡∂Ö‡∂±‡∑è‡∂ú‡∂≠ ‡∂¥‡∑î‡∂ª‡∑Ä‡∑ê‡∑É‡∑í‡∂∫‡∑è‡∂ú‡∑ö ‡∂¥‡∂Ø‡∂±‡∂∏ . ‡∂Ω‡∂∏‡∂∫‡∂ß ‡∂Ø‡∂ª‡∑è‡∂ú‡∂±‡∑ä‡∂± ‡∂∂‡∑ê‡∂ª‡∑í , ‡∂ß‡∑ì‡∂†‡∂ª‡∑ä ‡∂ß ‡∂¥‡∑í‡∑É‡∑ä‡∑É‡∑î ‡∑Ñ‡∑ê‡∂Ø‡∑ô‡∂± ‡∑Ä‡∑í‡∂ö‡∑ò‡∂≠‡∑í ‡∂∏‡∑í‡∂±‡∑í‡∑É‡∑ä‡∑É‡∑î ‡∂∂‡∑í‡∑Ñ‡∑í ‡∑Ä‡∑ô‡∂∏‡∑í‚Ä¶ https://t.co/fJlVTvPuRf",0
:-‡∂Ø‡∑î‡∂ö  ‡∂±‡∑í‡∑Ä‡∑î‡∑Ä‡∑ö  #‡∂±‡∑í‡∂ö‡∑ú‡∂ß‡∑í‡∂±‡∑ä ....,0
"RT @induinduu: ‡∂á‡∂∫‡∑í ‡∂∂‡∂Ω‡∂±‡∑ä ‡∂î‡∂∫ ‡∂Ø‡∑ô‡∂±‡∑ô‡∂≠
‡∂≠‡∑Ä‡∂ö‡∑ô‡∂ö‡∑î ‡∂¥‡∑í‡∑Ñ‡∂Ø‡∑è‡∂±‡∂ö‡∂±‡∑ä ‡∂ã‡∂π‡∑ô ‡∂ö‡∂≥‡∑î‡∑Ö‡∑î... 
‡∂Ö‡∂Ø‡∑Ä‡∂≠‡∑ä ‡∑Ñ‡∑í‡∂≠ ‡∑Ñ‡∂Ø‡∂±‡∑ä 
‡∂±‡∑ê‡∂ú‡∑í‡∂ß‡∑í‡∂±‡∑ä‡∂± ‡∂≠‡∂±‡∑í‡∑Ä‡∂∏ ‡∂ã‡∂π‡∑ô ‡∑Ñ‡∑ô‡∂ß‡∂ß... ü§ç",0
"‡∂á‡∂∫‡∑í ‡∂∂‡∂Ω‡∂±‡∑ä ‡∂î‡∂∫ ‡∂Ø‡∑ô‡∂±‡∑ô‡∂≠
‡∂≠‡∑Ä‡∂ö‡∑ô‡∂ö‡∑î ‡∂¥‡∑í‡∑Ñ‡∂Ø‡∑è‡∂±‡∂ö‡∂±‡∑ä ‡∂ã‡∂π‡∑ô ‡∂ö‡∂≥‡∑î‡∑Ö‡∑î... 
‡∂Ö‡∂Ø‡∑Ä‡∂≠‡∑ä ‡∑Ñ‡∑í‡∂≠ ‡∑Ñ‡∂Ø‡∂±‡∑ä 
‡∂±‡∑ê‡∂ú‡∑í‡∂ß‡∑í‡∂±‡∑ä‡∂± ‡∂≠‡∂±‡∑í‡∑Ä‡∂∏ ‡∂ã‡∂π‡∑ô ‡∑Ñ‡∑ô‡∂ß‡∂ß... ü§ç",0
‡∂á‡∂∏‡∑ô‡∂ª‡∑í‡∂ö‡∑è‡∑Ä‡∂ß‡∂≠‡∑ä ‡∂ö‡∂≥‡∑î‡∑Ö‡∑î ‡∂ú‡∑ë‡∑É‡∑ä ‡∑Ñ‡∑è ‡∂ª‡∂∂‡∂ª‡∑ä ‡∂∂‡∑î‡∂Ω‡∂ß‡∑ä ‡∂¥‡∑ä‚Äç‡∂ª‡∑Ñ‡∑è‡∂ª https://t.co/GDls6NpwAr #LEN,0
@dulakshi_g ‡∑É‡∑è‡∂∏‡∂±‡∑ä‚Äç‡∂∫‡∑ô‡∂±‡∑ä ‡∂∂‡∑ñ‡∂ß‡∑ä ‡∂ë‡∂ö‡∂ö‡∑ä ‡∑Ñ‡∑ê‡∂¥‡∑î‡∑Ä‡∑è‡∂∏ ‡∂Ø‡∑î‡∂ö ‡∑Ñ‡∑í‡∂≠‡∑ô‡∂±‡∑Ä ‡∂ö‡∑í‡∂∫‡∂±‡∑ä‡∂±‡∑ô ‡∂¥‡∑ä‚Äç‡∂ª‡∑Å‡∑ä‡∂±‡∂∫‡∂ö‡∑ä . ‡∂í‡∂ö ‡∂ª‡∑Ñ ‡∂±‡∑ê‡∂Ø‡∑ä‡∂Ø,0
"RT @singleromeoo: ‡∂â‡∂©‡∑ù‡∂ª‡∑ô‡∂ß'
‡∂∏‡∑î‡∑Ñ‡∑î‡∂´ ‡∂Ø‡∑ì‡∂Ω‡∑è ‡∂ö‡∑ö‡∂©‡∑ë‡∂ª‡∑í ‡∂ú‡∑ê‡∑Ñ‡∑î‡∂± ‡∂ª‡∑ñ‡∑É‡∑ä‡∑É‡∂ú‡∑É‡∑ä ‡∂¥‡∑Ä‡∑è
‡∂Ø‡∂ª‡∑è‡∂ú‡∂±‡∑ä‡∂± ‡∂∂‡∑ê‡∂ª‡∑í‡∂∏ ‡∂≠‡∑ê‡∂±‡∑ä‡∑Ä‡∂Ω ‡∂∏‡∑Ñ‡∂¥‡∑ú‡∂Ω‡∑Ä‡∂ß 
‡∂ö‡∂©‡∂±‡∑ä ‡∑Ä‡∑ê‡∂ß‡∑ô‡∂±‡∑ä‡∂± ‡∂∂‡∂Ω‡∂±‡∑Ä‡∑è

‡∂ë‡∑Ñ‡∑ô‡∂∏ ‡∑Ä‡∑ô‡∂Ω‡∑è‡∑Ä‡∂ß ‡∂¥‡∑î‡∂Ç‡∂†‡∑í‡∂∏ ‡∂¥‡∑î‡∂Ç‡∂†‡∑í‚Ä¶",0
"RT @singleromeoo: ‡∂â‡∂©‡∑ù‡∂ª‡∑ô‡∂ß'
‡∂∏‡∑î‡∑Ñ‡∑î‡∂´ ‡∂Ø‡∑ì‡∂Ω‡∑è ‡∂ö‡∑ö‡∂©‡∑ë‡∂ª‡∑í ‡∂ú‡∑ê‡∑Ñ‡∑î‡∂± ‡∂ª‡∑ñ‡∑É‡∑ä‡∑É‡∂ú‡∑É‡∑ä ‡∂¥‡∑Ä‡∑è
‡∂Ø‡∂ª‡∑è‡∂ú‡∂±‡∑ä‡∂± ‡∂∂‡∑ê‡∂ª‡∑í‡∂∏ ‡∂≠‡∑ê‡∂±‡∑ä‡∑Ä‡∂Ω ‡∂∏‡∑Ñ‡∂¥‡∑ú‡∂Ω‡∑Ä‡∂ß 
‡∂ö‡∂©‡∂±‡∑ä ‡∑Ä‡∑ê‡∂ß‡∑ô‡∂±‡∑ä‡∂± ‡∂∂‡∂Ω‡∂±‡∑Ä‡∑è

‡∂ë‡∑Ñ‡∑ô‡∂∏ ‡∑Ä‡∑ô‡∂Ω‡∑è‡∑Ä‡∂ß ‡∂¥‡∑î‡∂Ç‡∂†‡∑í‡∂∏ ‡∂¥‡∑î‡∂Ç‡∂†‡∑í‚Ä¶",0
"‡∂â‡∂©‡∑ù‡∂ª‡∑ô‡∂ß'
‡∂∏‡∑î‡∑Ñ‡∑î‡∂´ ‡∂Ø‡∑ì‡∂Ω‡∑è ‡∂ö‡∑ö‡∂©‡∑ë‡∂ª‡∑í ‡∂ú‡∑ê‡∑Ñ‡∑î‡∂± ‡∂ª‡∑ñ‡∑É‡∑ä‡∑É‡∂ú‡∑É‡∑ä ‡∂¥‡∑Ä‡∑è
‡∂Ø‡∂ª‡∑è‡∂ú‡∂±‡∑ä‡∂± ‡∂∂‡∑ê‡∂ª‡∑í‡∂∏ ‡∂≠‡∑ê‡∂±‡∑ä‡∑Ä‡∂Ω ‡∂∏‡∑Ñ‡∂¥‡∑ú‡∂Ω‡∑Ä‡∂ß 
‡∂ö‡∂©‡∂±‡∑ä ‡∑Ä‡∑ê‡∂ß‡∑ô‡∂±‡∑ä‡∂± ‡∂∂‡∂Ω‡∂±‡∑Ä‡∑è

‡∂ë‡∑Ñ‡∑ô‡∂∏ ‡∑Ä‡∑ô‡∂Ω‡∑è‡∑Ä‡∂ß ‡∂¥‡∑î‡∂Ç‡∂†‡∑í‡∂∏‚Ä¶ https://t.co/JURcDq3kYt",0
@ExcuzeMiii ‡∂¥‡∑ú‡∂±‡∑ä ‡∂ë‡∂ö‡∂ö‡∑ä ‡∂ö‡∑ê‡∂©‡∑ô‡∂± ‡∂ë‡∂ö‡∂∫‡∑í ‡∂±‡∑ê‡∂≠‡∑í ‡∑Ä‡∑ô‡∂± ‡∂ë‡∂ö‡∑ô‡∂∫‡∑í ‡∂Ø‡∑î‡∂ö ‡∂∏‡∂±‡∑ä ‡∂Ø‡∂±‡∑ä‡∂±‡∑Ä‡∑è ‡∂∏‡∑í‡∂≠‡∑î‡∂ª üò•üò•,0
"RT @pramodVimukthi1: ‡∂∏‡∑ê‡∂ª‡∑ô‡∂±‡∑ä‡∂± ‡∂ö‡∂Ω‡∑í‡∂±‡∑ä ‡∂∏‡∑í‡∂±‡∑í‡∑É‡∑ä‡∑É‡∑î ‡∂Ö‡∂ú‡∂∫‡∂±‡∑ä‡∂±,‡∑É‡∂Ω‡∂ö‡∂±‡∑ä‡∂±.
‡∂∏‡∑ê‡∂ª‡∑î‡∂±‡∑î ‡∂¥‡∑É‡∑î ‡∑Ä‡∂Ω‡∂Ø‡∂∏‡∂±‡∑ä‡∂±üòå",0
"‡∂∏‡∑ê‡∂ª‡∑ô‡∂±‡∑ä‡∂± ‡∂ö‡∂Ω‡∑í‡∂±‡∑ä ‡∂∏‡∑í‡∂±‡∑í‡∑É‡∑ä‡∑É‡∑î ‡∂Ö‡∂ú‡∂∫‡∂±‡∑ä‡∂±,‡∑É‡∂Ω‡∂ö‡∂±‡∑ä‡∂±.
‡∂∏‡∑ê‡∂ª‡∑î‡∂±‡∑î ‡∂¥‡∑É‡∑î ‡∑Ä‡∂Ω‡∂Ø‡∂∏‡∂±‡∑ä‡∂±üòå",0
‡∂î‡∂∂ ‡∂î‡∂∂‡∑Ä‡∂∏ ‡∑Ä‡∑í‡∂≥ ‡∂Ø‡∂ª‡∑è‡∂ú‡∂±‡∑ä‡∂±!,0
"RT @induinduu: .
                ‡∂∏‡∂ß ‡∂∏‡∂∏ ‡∂ú‡∑ê‡∂±‡∂∏ ‡∂Ø‡∑î‡∂ö‡∂∫‡∑í... 
                  ‡∂ö‡∑è‡∂ß‡∑Ä‡∂≠‡∑ä‡∂∏ ‡∂±‡∑ú‡∂ö‡∑í‡∂∫‡∑è,
     ‡∂∏‡∑ô‡∂†‡∑ä‡∂†‡∑ä‡∂ª ‡∂Ø‡∑ö‡∑Ä‡∂Ω‡∑ä ‡∑Ä‡∑í‡∂≥ ‡∂Ø‡∂ª‡∑è‡∂ú‡∂±‡∑ä‡∂± ‡∂ï‡∂±‡∑ô‡∂Ø...‚Ä¶",0
"RT @induinduu: .
                ‡∂∏‡∂ß ‡∂∏‡∂∏ ‡∂ú‡∑ê‡∂±‡∂∏ ‡∂Ø‡∑î‡∂ö‡∂∫‡∑í... 
                  ‡∂ö‡∑è‡∂ß‡∑Ä‡∂≠‡∑ä‡∂∏ ‡∂±‡∑ú‡∂ö‡∑í‡∂∫‡∑è,
     ‡∂∏‡∑ô‡∂†‡∑ä‡∂†‡∑ä‡∂ª ‡∂Ø‡∑ö‡∑Ä‡∂Ω‡∑ä ‡∑Ä‡∑í‡∂≥ ‡∂Ø‡∂ª‡∑è‡∂ú‡∂±‡∑ä‡∂± ‡∂ï‡∂±‡∑ô‡∂Ø...‚Ä¶",0
RT @HeshanMayantha: ü•≤‡∂∂‡∂©‡∂ú‡∑í‡∂±‡∑ä‡∂±‡∑ô ‡∂∏‡∑ê‡∂ª‡∑ô‡∂±‡∑ä‡∂± ‡∑Ä‡∑ô‡∂±‡∑ä‡∂±‡∑ô üôÇ,0
"‡∂≠‡∂±‡∑í‡∂ö‡∂©‡∑Ä ‡∂∏‡∑ê‡∂ª‡∑ô‡∂±‡∑ä‡∂±, ‡∂±‡∂∏‡∑î‡∂≠‡∑ä ‡∂ö‡∑Ä‡∂Ø‡∑è‡∑Ä‡∂≠‡∑ä ‡∂ö‡∑í‡∑É‡∑í‡∑Ä‡∑ô‡∂ö‡∑î‡∂ú‡∑ô‡∂±‡∑ä ‡∂Ü‡∂Ø‡∂ª‡∂∫ ‡∂ö‡∂ª‡∂±‡∑ä‡∂±‡∑ê‡∂∫‡∑í ‡∂â‡∂Ω‡∑ä‡∂Ω‡∂±‡∑ä‡∂± ‡∂ë‡∂¥‡∑è ..! üåªüí´ https://t.co/FNetWMTbhp",0
ü•≤‡∂∂‡∂©‡∂ú‡∑í‡∂±‡∑ä‡∂±‡∑ô ‡∂∏‡∑ê‡∂ª‡∑ô‡∂±‡∑ä‡∂± ‡∑Ä‡∑ô‡∂±‡∑ä‡∂±‡∑ô üôÇ https://t.co/exNohOhsJS,0
"RT @induinduu: .
                ‡∂∏‡∂ß ‡∂∏‡∂∏ ‡∂ú‡∑ê‡∂±‡∂∏ ‡∂Ø‡∑î‡∂ö‡∂∫‡∑í... 
                  ‡∂ö‡∑è‡∂ß‡∑Ä‡∂≠‡∑ä‡∂∏ ‡∂±‡∑ú‡∂ö‡∑í‡∂∫‡∑è,
     ‡∂∏‡∑ô‡∂†‡∑ä‡∂†‡∑ä‡∂ª ‡∂Ø‡∑ö‡∑Ä‡∂Ω‡∑ä ‡∑Ä‡∑í‡∂≥ ‡∂Ø‡∂ª‡∑è‡∂ú‡∂±‡∑ä‡∂± ‡∂ï‡∂±‡∑ô‡∂Ø...‚Ä¶",0
"‡∂Ø‡∑Ñ‡∑É‡∂ö‡∑ä ‡∂¥‡∑ê‡∂≠‡∑î‡∂∏‡∂±‡∑ä ‡∑Ñ‡∂Ø ‡∂≠‡∑î‡∂Ω ‡∑É‡∑í‡∂ª‡∑Ä‡∑ì
‡∂Ø‡∑ë‡∑É ‡∂ö‡∂≥‡∑î‡∂Ω‡∑í‡∂±‡∑ä ‡∂≠‡∑ô‡∂∏‡∑è
‡∂¢‡∑ì‡∑Ä‡∑í‡∂≠ ‡∂ú‡∂∏‡∂±‡∑ö ‡∂á‡∂ª‡∂π‡∑î‡∂∏‡∂ö
‡∂≠‡∂±‡∑í‡∂ö‡∂ª ‡∂Ø‡∂∏‡∑è ‡∂á‡∂≠ ‡∂∏‡∑è
‡∂ö‡∑Ä‡∂Ø‡∑è ‡∂Ø‡∂ö‡∑í‡∂±‡∑í‡∂Ø‡∑î ‡∑É‡∑í‡∑Ñ‡∑í‡∂±‡∂∫
‡∂ö‡∑í‡∑É‡∑í‡∑Ä‡∑ô‡∂ö‡∑î ‡∑É‡∂ª‡∂´‡∂ö‡∑ä ‡∂±‡∑ê‚Ä¶ https://t.co/G48EBZlK9O",0
@induinduu ‡∂∏‡∂ß ‡∂¥‡∑ö‡∂± ‡∑Ä‡∑í‡∂Ø‡∑í‡∂∫‡∂ß ‡∂î‡∂∫‡∑è‡∂ß depression ‡∑Ä‡∂ú‡∑ö. ‡∂Ö‡∂Ø‡∂∏ ‡∂ú‡∑í‡∑Ñ‡∑í‡∂±‡∑ä ‡∂©‡∑ú‡∂ö‡∑ô‡∂ö‡∑ä ‡∑Ñ‡∂∏‡∑ä‡∂∂ ‡∑Ä‡∑ô‡∂±‡∑ä‡∂±.,0
"RT @Shashika1917: ‡∂á‡∂∫‡∑í ‡∂â‡∂ª‡∑è‡∂¢‡∂∫‡∑è ‡∂ö‡∑í‡∂∫‡∂± ‡∂ú‡∑ú‡∂Ç ‡∂ö‡∂≠‡∑è ‡∑Ä‡∂Ω‡∂ß ‡∂ª‡∑í‡∂¥‡∑ä‡∂Ω‡∂∫‡∑í ‡∂ö‡∂ª‡∂±‡∑ä ‡∂Ø‡∂ú‡∂Ω‡∂±‡∑ä‡∂±‡∑ôüòÇ
‡∂í‡∂ö ‡∂ã‡∂ú‡∑ö ‡∂∏‡∑è‡∂±‡∑É‡∑í‡∂ö ‡∂∏‡∂ß‡∑ä‡∂ß‡∂∏‡∂±‡∑ôüòÇ
‡∂¥‡∑ù‡∂ß‡∑ä‡∂ß‡∑î‡∑Ä‡∂ß ‡∑Ä‡∑ô‡∂†‡∑ä‡∂† ‡∂Ø‡∑ö ‡∂Ø‡∑ê‡∂ö‡∂Ω‡∂∫‡∑í ‡∂¢‡∑Ä‡∑í‡∂¥‡∑ô ‡∂ª‡∑ê‡∂Ω‡∑ä‡∂Ω‡∂∫‡∑í ‡∂∏‡∑í‡∂±‡∑í‡∑É‡∑ä‡∑É‡∑î‚Ä¶",0
@shanki_thewitch ‡∂Ø‡∂ª‡∑è‡∂ú‡∂±‡∑ä‡∂± ‡∂Ö‡∂∏‡∑è‡∂ª‡∑î‡∂∫‡∑í ‡∑É‡∂∏‡∑Ñ‡∂ª‡∑Ä‡∑ô‡∂Ω‡∑è‡∑Ä‡∂ß,0
‡∂Ø‡∑î‡∂ö ‡∂±‡∑ê‡∂≠‡∑í ‡∂ö‡∂ª ‡∂ú‡∂±‡∑ä‡∂± ‡∂ö‡∑ä‚Äç‡∂ª‡∂∏ ‚Äå‡∂≠‡∑í‡∂∫‡∑ô‡∂±‡∑Ä‡∑è‡∂Ø?  | ‡∂Ü‡∂Ø‡∂ª‡∂´‡∑ì‡∂∫ ‡∂¢‡∑ì‡∑Ä‡∑í‡∂≠‡∂∫ | 30 - 03 -2023 || https://t.co/G0jgAULMM4 || #SiyathaTV #Siyatha #SriLanka #lka,0
"RT @induinduu: ‡∂ö‡∑ú‡∂†‡∑ä‡∂†‡∂ª ‡∂ë‡∂¥‡∑è ‡∂ö‡∑í‡∑Ä‡∑ä‡∑Ä‡∂≠‡∑ä
‡∂Ö‡∂¥‡∑í ‡∂Ö‡∂¥‡∑ö ‡∂¢‡∑ì‡∑Ä‡∑í‡∂≠‡∑ö‡∂ß ‡∑Ä‡∑í‡∑Å‡∑ö‡∑Ç ‡∂∏‡∑í‡∂±‡∑í‡∑É‡∑ä‡∑É‡∑î ‡∂ë‡∂ö‡∑ä‡∂ö
‡∑Ñ‡∑ì‡∂± ‡∑Ñ‡∂Ø‡∑è‡∂ú‡∂±‡∑ä‡∂±‡∑Ä‡∑è..
‡∂í‡∑Ä‡∑è ‡∑Ä‡∑ô‡∂±‡∑î‡∑Ä‡∑ô‡∂±‡∑ä ‡∂∏‡∑Ñ‡∂±‡∑ä‡∑É‡∑í ‡∑Ä‡∑ô‡∂±‡∑Ä‡∑è...

‡∑Ñ‡∑ì‡∂±‡∑ö ‡∂±‡∑ê‡∂≠‡∑í ‡∂ã‡∂±‡∑è‡∂∏ ‡∑Ä‡∑í‡∂≥ ‡∂Ø‡∂ª‡∑è‡∂ú‚Ä¶",0
"RT @induinduu: .
                ‡∂∏‡∂ß ‡∂∏‡∂∏ ‡∂ú‡∑ê‡∂±‡∂∏ ‡∂Ø‡∑î‡∂ö‡∂∫‡∑í... 
                  ‡∂ö‡∑è‡∂ß‡∑Ä‡∂≠‡∑ä‡∂∏ ‡∂±‡∑ú‡∂ö‡∑í‡∂∫‡∑è,
     ‡∂∏‡∑ô‡∂†‡∑ä‡∂†‡∑ä‡∂ª ‡∂Ø‡∑ö‡∑Ä‡∂Ω‡∑ä ‡∑Ä‡∑í‡∂≥ ‡∂Ø‡∂ª‡∑è‡∂ú‡∂±‡∑ä‡∂± ‡∂ï‡∂±‡∑ô‡∂Ø...‚Ä¶",0
"RT @induinduu: .
                ‡∂∏‡∂ß ‡∂∏‡∂∏ ‡∂ú‡∑ê‡∂±‡∂∏ ‡∂Ø‡∑î‡∂ö‡∂∫‡∑í... 
                  ‡∂ö‡∑è‡∂ß‡∑Ä‡∂≠‡∑ä‡∂∏ ‡∂±‡∑ú‡∂ö‡∑í‡∂∫‡∑è,
     ‡∂∏‡∑ô‡∂†‡∑ä‡∂†‡∑ä‡∂ª ‡∂Ø‡∑ö‡∑Ä‡∂Ω‡∑ä ‡∑Ä‡∑í‡∂≥ ‡∂Ø‡∂ª‡∑è‡∂ú‡∂±‡∑ä‡∂± ‡∂ï‡∂±‡∑ô‡∂Ø...‚Ä¶",0
"RT @induinduu: ‡∂ö‡∑ú‡∂†‡∑ä‡∂†‡∂ª ‡∂ë‡∂¥‡∑è ‡∂ö‡∑í‡∑Ä‡∑ä‡∑Ä‡∂≠‡∑ä
‡∂Ö‡∂¥‡∑í ‡∂Ö‡∂¥‡∑ö ‡∂¢‡∑ì‡∑Ä‡∑í‡∂≠‡∑ö‡∂ß ‡∑Ä‡∑í‡∑Å‡∑ö‡∑Ç ‡∂∏‡∑í‡∂±‡∑í‡∑É‡∑ä‡∑É‡∑î ‡∂ë‡∂ö‡∑ä‡∂ö
‡∑Ñ‡∑ì‡∂± ‡∑Ñ‡∂Ø‡∑è‡∂ú‡∂±‡∑ä‡∂±‡∑Ä‡∑è..
‡∂í‡∑Ä‡∑è ‡∑Ä‡∑ô‡∂±‡∑î‡∑Ä‡∑ô‡∂±‡∑ä ‡∂∏‡∑Ñ‡∂±‡∑ä‡∑É‡∑í ‡∑Ä‡∑ô‡∂±‡∑Ä‡∑è...

‡∑Ñ‡∑ì‡∂±‡∑ö ‡∂±‡∑ê‡∂≠‡∑í ‡∂ã‡∂±‡∑è‡∂∏ ‡∑Ä‡∑í‡∂≥ ‡∂Ø‡∂ª‡∑è‡∂ú‚Ä¶",0
RT @induinduu: ‡∂î‡∂∂ ‡∂î‡∂∂‡∑Ä‡∂∏ ‡∑Ä‡∑í‡∂≥ ‡∂Ø‡∂ª‡∑è‡∂ú‡∂±‡∑ä‡∂±... üñ§,0
"RT @induinduu: ‡∂ö‡∑ú‡∂†‡∑ä‡∂†‡∂ª ‡∂ë‡∂¥‡∑è ‡∂ö‡∑í‡∑Ä‡∑ä‡∑Ä‡∂≠‡∑ä
‡∂Ö‡∂¥‡∑í ‡∂Ö‡∂¥‡∑ö ‡∂¢‡∑ì‡∑Ä‡∑í‡∂≠‡∑ö‡∂ß ‡∑Ä‡∑í‡∑Å‡∑ö‡∑Ç ‡∂∏‡∑í‡∂±‡∑í‡∑É‡∑ä‡∑É‡∑î ‡∂ë‡∂ö‡∑ä‡∂ö
‡∑Ñ‡∑ì‡∂± ‡∑Ñ‡∂Ø‡∑è‡∂ú‡∂±‡∑ä‡∂±‡∑Ä‡∑è..
‡∂í‡∑Ä‡∑è ‡∑Ä‡∑ô‡∂±‡∑î‡∑Ä‡∑ô‡∂±‡∑ä ‡∂∏‡∑Ñ‡∂±‡∑ä‡∑É‡∑í ‡∑Ä‡∑ô‡∂±‡∑Ä‡∑è...

‡∑Ñ‡∑ì‡∂±‡∑ö ‡∂±‡∑ê‡∂≠‡∑í ‡∂ã‡∂±‡∑è‡∂∏ ‡∑Ä‡∑í‡∂≥ ‡∂Ø‡∂ª‡∑è‡∂ú‚Ä¶",0
"‡∂ö‡∑Ä‡∂Ø‡∑è‡∑Ä‡∂≠‡∑ä ‡∂±‡∑î‡∂π ‡∂±‡∑è‡∑Ä‡∂≠‡∑ä
‡∂≠‡∂ª‡∑Ñ‡∑è ‡∂±‡∑ë ‡∑Ñ‡∑í‡∂≠‡∑î‡∂±‡∑ö
‡∂ë‡∂ö‡∂¥‡∑è‡∂ª‡∂ö‡∑ä ‡∂Ø‡∑î‡∂ß‡∑î‡∑Ä‡∑è ‡∂±‡∂∏‡∑ä
‡∂ö‡∂≥‡∑î‡∑Ö‡∑î ‡∂±‡∑ë ‡∂Ø‡∑ô‡∂±‡∑ô‡∂≠‡∑ö.... https://t.co/uFnyBTMUQY",0
@Twinkle28930259 ‡∑É‡∂∏‡∑Ñ‡∂ª ‡∂Ø‡∑ö‡∑Ä‡∂Ω‡∑ä ‡∑Ä‡∂Ω‡∂ß ‡∑Ñ‡∑í‡∂≠ ‡∂ª‡∑í‡∂Ø‡∑î‡∂±‡∂∏ ‡∂ë‡∑Ñ‡∑ô‡∂∏ ‡∂ö‡∂ª‡∂±‡∑ä‡∂± ‡∑Ä‡∑ô‡∂±‡∑Ä‡∑è. ‡∂ö‡∂ª‡∂±‡∑ä‡∂± ‡∑Ä‡∑ô‡∂±‡∑Ä‡∑è ‡∂±‡∑ô‡∂∏‡∑ô‡∂∫‡∑í ‡∂â‡∂∂‡∑ö‡∂∏ ‡∑Ä‡∑ô‡∂±‡∑Ä‡∑è. ‡∂∏‡∑ú‡∂±‡∑è ‡∂ö‡∂ª‡∂±‡∑ä‡∂±‡∂Ø .... ‡∂∏‡∑è‡∂±‡∑É‡∑í‡∂ö‚Ä¶ https://t.co/X3KKbrZ4Ps,0
RT @induinduu: ‡∂î‡∂∂ ‡∂î‡∂∂‡∑Ä‡∂∏ ‡∑Ä‡∑í‡∂≥ ‡∂Ø‡∂ª‡∑è‡∂ú‡∂±‡∑ä‡∂±... üñ§,0
RT @induinduu: ‡∂î‡∂∂ ‡∂î‡∂∂‡∑Ä‡∂∏ ‡∑Ä‡∑í‡∂≥ ‡∂Ø‡∂ª‡∑è‡∂ú‡∂±‡∑ä‡∂±... üñ§,0
"RT @induinduu: ‡∂ö‡∑ú‡∂†‡∑ä‡∂†‡∂ª ‡∂ë‡∂¥‡∑è ‡∂ö‡∑í‡∑Ä‡∑ä‡∑Ä‡∂≠‡∑ä
‡∂Ö‡∂¥‡∑í ‡∂Ö‡∂¥‡∑ö ‡∂¢‡∑ì‡∑Ä‡∑í‡∂≠‡∑ö‡∂ß ‡∑Ä‡∑í‡∑Å‡∑ö‡∑Ç ‡∂∏‡∑í‡∂±‡∑í‡∑É‡∑ä‡∑É‡∑î ‡∂ë‡∂ö‡∑ä‡∂ö
‡∑Ñ‡∑ì‡∂± ‡∑Ñ‡∂Ø‡∑è‡∂ú‡∂±‡∑ä‡∂±‡∑Ä‡∑è..
‡∂í‡∑Ä‡∑è ‡∑Ä‡∑ô‡∂±‡∑î‡∑Ä‡∑ô‡∂±‡∑ä ‡∂∏‡∑Ñ‡∂±‡∑ä‡∑É‡∑í ‡∑Ä‡∑ô‡∂±‡∑Ä‡∑è...

‡∑Ñ‡∑ì‡∂±‡∑ö ‡∂±‡∑ê‡∂≠‡∑í ‡∂ã‡∂±‡∑è‡∂∏ ‡∑Ä‡∑í‡∂≥ ‡∂Ø‡∂ª‡∑è‡∂ú‚Ä¶",0
‡∂î‡∂∂ ‡∂î‡∂∂‡∑Ä‡∂∏ ‡∑Ä‡∑í‡∂≥ ‡∂Ø‡∂ª‡∑è‡∂ú‡∂±‡∑ä‡∂±... üñ§,0
"RT @induinduu: ‡∂ö‡∑ú‡∂†‡∑ä‡∂†‡∂ª ‡∂ë‡∂¥‡∑è ‡∂ö‡∑í‡∑Ä‡∑ä‡∑Ä‡∂≠‡∑ä
‡∂Ö‡∂¥‡∑í ‡∂Ö‡∂¥‡∑ö ‡∂¢‡∑ì‡∑Ä‡∑í‡∂≠‡∑ö‡∂ß ‡∑Ä‡∑í‡∑Å‡∑ö‡∑Ç ‡∂∏‡∑í‡∂±‡∑í‡∑É‡∑ä‡∑É‡∑î ‡∂ë‡∂ö‡∑ä‡∂ö
‡∑Ñ‡∑ì‡∂± ‡∑Ñ‡∂Ø‡∑è‡∂ú‡∂±‡∑ä‡∂±‡∑Ä‡∑è..
‡∂í‡∑Ä‡∑è ‡∑Ä‡∑ô‡∂±‡∑î‡∑Ä‡∑ô‡∂±‡∑ä ‡∂∏‡∑Ñ‡∂±‡∑ä‡∑É‡∑í ‡∑Ä‡∑ô‡∂±‡∑Ä‡∑è...

‡∑Ñ‡∑ì‡∂±‡∑ö ‡∂±‡∑ê‡∂≠‡∑í ‡∂ã‡∂±‡∑è‡∂∏ ‡∑Ä‡∑í‡∂≥ ‡∂Ø‡∂ª‡∑è‡∂ú‚Ä¶",0
"RT @induinduu: ‡∂ö‡∑ú‡∂†‡∑ä‡∂†‡∂ª ‡∂ë‡∂¥‡∑è ‡∂ö‡∑í‡∑Ä‡∑ä‡∑Ä‡∂≠‡∑ä
‡∂Ö‡∂¥‡∑í ‡∂Ö‡∂¥‡∑ö ‡∂¢‡∑ì‡∑Ä‡∑í‡∂≠‡∑ö‡∂ß ‡∑Ä‡∑í‡∑Å‡∑ö‡∑Ç ‡∂∏‡∑í‡∂±‡∑í‡∑É‡∑ä‡∑É‡∑î ‡∂ë‡∂ö‡∑ä‡∂ö
‡∑Ñ‡∑ì‡∂± ‡∑Ñ‡∂Ø‡∑è‡∂ú‡∂±‡∑ä‡∂±‡∑Ä‡∑è..
‡∂í‡∑Ä‡∑è ‡∑Ä‡∑ô‡∂±‡∑î‡∑Ä‡∑ô‡∂±‡∑ä ‡∂∏‡∑Ñ‡∂±‡∑ä‡∑É‡∑í ‡∑Ä‡∑ô‡∂±‡∑Ä‡∑è...

‡∑Ñ‡∑ì‡∂±‡∑ö ‡∂±‡∑ê‡∂≠‡∑í ‡∂ã‡∂±‡∑è‡∂∏ ‡∑Ä‡∑í‡∂≥ ‡∂Ø‡∂ª‡∑è‡∂ú‚Ä¶",0
"RT @induinduu: ‡∂ö‡∑ú‡∂†‡∑ä‡∂†‡∂ª ‡∂ë‡∂¥‡∑è ‡∂ö‡∑í‡∑Ä‡∑ä‡∑Ä‡∂≠‡∑ä
‡∂Ö‡∂¥‡∑í ‡∂Ö‡∂¥‡∑ö ‡∂¢‡∑ì‡∑Ä‡∑í‡∂≠‡∑ö‡∂ß ‡∑Ä‡∑í‡∑Å‡∑ö‡∑Ç ‡∂∏‡∑í‡∂±‡∑í‡∑É‡∑ä‡∑É‡∑î ‡∂ë‡∂ö‡∑ä‡∂ö
‡∑Ñ‡∑ì‡∂± ‡∑Ñ‡∂Ø‡∑è‡∂ú‡∂±‡∑ä‡∂±‡∑Ä‡∑è..
‡∂í‡∑Ä‡∑è ‡∑Ä‡∑ô‡∂±‡∑î‡∑Ä‡∑ô‡∂±‡∑ä ‡∂∏‡∑Ñ‡∂±‡∑ä‡∑É‡∑í ‡∑Ä‡∑ô‡∂±‡∑Ä‡∑è...

‡∑Ñ‡∑ì‡∂±‡∑ö ‡∂±‡∑ê‡∂≠‡∑í ‡∂ã‡∂±‡∑è‡∂∏ ‡∑Ä‡∑í‡∂≥ ‡∂Ø‡∂ª‡∑è‡∂ú‚Ä¶",0
"‡∂ö‡∑ú‡∂†‡∑ä‡∂†‡∂ª ‡∂ë‡∂¥‡∑è ‡∂ö‡∑í‡∑Ä‡∑ä‡∑Ä‡∂≠‡∑ä
‡∂Ö‡∂¥‡∑í ‡∂Ö‡∂¥‡∑ö ‡∂¢‡∑ì‡∑Ä‡∑í‡∂≠‡∑ö‡∂ß ‡∑Ä‡∑í‡∑Å‡∑ö‡∑Ç ‡∂∏‡∑í‡∂±‡∑í‡∑É‡∑ä‡∑É‡∑î ‡∂ë‡∂ö‡∑ä‡∂ö
‡∑Ñ‡∑ì‡∂± ‡∑Ñ‡∂Ø‡∑è‡∂ú‡∂±‡∑ä‡∂±‡∑Ä‡∑è..
‡∂í‡∑Ä‡∑è ‡∑Ä‡∑ô‡∂±‡∑î‡∑Ä‡∑ô‡∂±‡∑ä ‡∂∏‡∑Ñ‡∂±‡∑ä‡∑É‡∑í ‡∑Ä‡∑ô‡∂±‡∑Ä‡∑è...

‡∑Ñ‡∑ì‡∂±‡∑ö ‡∂±‡∑ê‡∂≠‡∑í ‡∂ã‡∂±‡∑è‡∂∏‚Ä¶ https://t.co/4ws6LWq0uI",0
"@Wind_Desika ""‡∑É‡∑ö‡∂¥‡∑è‡∂Ω‡∑ì"" ‡∂∏‡∑è‡∂ª ‡∂Ω‡∑É‡∑ä‡∑É‡∂± ‡∑É‡∑í‡∂±‡∑ä‡∂Ø‡∑î‡∑Ä‡∂ö‡∑ä. ‡∑Ñ‡∑ê‡∂∂‡∑ê‡∂∫‡∑í ‡∂∏‡∑í‡∂∫‡∑î‡∑É‡∑í‡∂ö‡∑ä ‡∑Ä‡∑ì‡∂©‡∑ì‡∂∫‡∑ù ‡∂ë‡∂ö ‡∂∂‡∂Ω‡∂Ø‡∑ä‡∂Ø‡∑ì ‡∂Ø‡∑î‡∂ö ‡∑Ñ‡∑í‡∂≠‡∑ô‡∂±‡∑Ä‡∑è.",0
"RT @induinduu: .
                ‡∂∏‡∂ß ‡∂∏‡∂∏ ‡∂ú‡∑ê‡∂±‡∂∏ ‡∂Ø‡∑î‡∂ö‡∂∫‡∑í... 
                  ‡∂ö‡∑è‡∂ß‡∑Ä‡∂≠‡∑ä‡∂∏ ‡∂±‡∑ú‡∂ö‡∑í‡∂∫‡∑è,
     ‡∂∏‡∑ô‡∂†‡∑ä‡∂†‡∑ä‡∂ª ‡∂Ø‡∑ö‡∑Ä‡∂Ω‡∑ä ‡∑Ä‡∑í‡∂≥ ‡∂Ø‡∂ª‡∑è‡∂ú‡∂±‡∑ä‡∂± ‡∂ï‡∂±‡∑ô‡∂Ø...‚Ä¶",0
@induinduu ‡∂Ø‡∑î‡∂ö ‡∂ö‡∑í‡∂∫‡∂± ‡∂ë‡∂ö ‡∑Ñ‡∑ú‡∂≥‡∂∫‡∑í. ‡∂ë‡∂≠‡∂ö‡∑ú‡∂ß ‡∂í‡∂ö ‡∂≠‡∑î‡∂±‡∑ì ‡∑Ä‡∑ô‡∂Ω‡∑è ‡∂∫‡∂±‡∑Ä‡∑è,0
"‡∂∏‡∑í‡∂±‡∑í‡∑É‡∑ä‡∑É‡∑î ‡∂ï‡∂±‡∑í‡∑Ä‡∂ß ‡∑Ä‡∂©‡∑è ‡∂¢‡∑ì‡∑Ä‡∑í‡∂≠‡∑ö‡∂ß ‡∂Ω‡∂Ç ‡∂ö‡∂ª‡∂ú‡∂±‡∑ä‡∂± ‡∂ë‡∂¥‡∑è..
‡∂ö‡∑è‡∂ú‡∑ô‡∑Ä‡∂≠‡∑ä ‡∂¢‡∑ì‡∑Ä‡∑í‡∂≠‡∑ö‡∂ß ‡∂ï‡∂±‡∑í‡∑Ä‡∂ß ‡∑Ä‡∂©‡∑è ‡∂Ω‡∂Ç‡∑Ä‡∑ô‡∂±‡∑ä‡∂±‡∂≠‡∑ä ‡∂ë‡∂¥‡∑è...
‡∂∏‡∑ú‡∂ö‡∂Ø ‡∂ë‡∂∫‡∑è‡∂Ω‡∂ú‡∑ô ‡∂¥‡∑î‡∂Ç‡∂†‡∑í ‡∑Ä‡∑ô‡∂±‡∑É‡∑ä ‡∑Ä‡∑ì‡∂∏‡∂ö‡∑ä‚Ä¶ https://t.co/6YPoaOCFbh",0
"RT @induinduu: .
                ‡∂∏‡∂ß ‡∂∏‡∂∏ ‡∂ú‡∑ê‡∂±‡∂∏ ‡∂Ø‡∑î‡∂ö‡∂∫‡∑í... 
                  ‡∂ö‡∑è‡∂ß‡∑Ä‡∂≠‡∑ä‡∂∏ ‡∂±‡∑ú‡∂ö‡∑í‡∂∫‡∑è,
     ‡∂∏‡∑ô‡∂†‡∑ä‡∂†‡∑ä‡∂ª ‡∂Ø‡∑ö‡∑Ä‡∂Ω‡∑ä ‡∑Ä‡∑í‡∂≥ ‡∂Ø‡∂ª‡∑è‡∂ú‡∂±‡∑ä‡∂± ‡∂ï‡∂±‡∑ô‡∂Ø...‚Ä¶",0
@Pramod__rr ‡∂î‡∑Ä‡∑ä ‡∂Ö‡∂±‡∑öüòí‡∂Ø‡∑ê‡∂±‡∑ä ‡∂≠‡∂∏‡∑è ‡∂Ø‡∑î‡∂ö ‡∂Ø‡∑ô‡∂±‡∑ä‡∂± ‡∂∂‡∑ê‡∂ª‡∑í ‡∂ã‡∂±‡∑è‡∂ßüòë,0
"RT @induinduu: .
                ‡∂∏‡∂ß ‡∂∏‡∂∏ ‡∂ú‡∑ê‡∂±‡∂∏ ‡∂Ø‡∑î‡∂ö‡∂∫‡∑í... 
                  ‡∂ö‡∑è‡∂ß‡∑Ä‡∂≠‡∑ä‡∂∏ ‡∂±‡∑ú‡∂ö‡∑í‡∂∫‡∑è,
     ‡∂∏‡∑ô‡∂†‡∑ä‡∂†‡∑ä‡∂ª ‡∂Ø‡∑ö‡∑Ä‡∂Ω‡∑ä ‡∑Ä‡∑í‡∂≥ ‡∂Ø‡∂ª‡∑è‡∂ú‡∂±‡∑ä‡∂± ‡∂ï‡∂±‡∑ô‡∂Ø...‚Ä¶",0
"‡∂ª‡∑ö‡∂©‡∑í‡∂∫‡∑ù ‡∂ë‡∂ö‡∑ö ‡∂ö‡∑Ä‡∑î‡∂Ø ‡∂¥‡∑ú‡∂ª‡∂ö‡∑ä ‡∂±‡∑ä‚Äç‡∂∫‡∑Ç‡∑ä‡∂ß‡∑í‡∂ö ‡∂∂‡∂Ω‡∑è‡∂ú‡∑è‡∂ª ‡∂¥‡∑ä‚Äç‡∂ª‡∑ú‡∂∏‡∑ù‡∂ß‡∑ä ‡∂ö‡∂ª‡∂±‡∑Ä‡∑è...
""‡∂±‡∑ä‚Äç‡∂∫‡∑Ç‡∑ä‡∂ß‡∑í‡∂∫ ‡∂≠‡∂Ø‡∑í‡∂±‡∑ä‡∂∏ ‡∂∂‡∑ê‡∂≥‡∑í‡∂Ω‡∑è ‡∂≠‡∑í‡∂∫‡∑ô‡∂Ø‡∑ä‡∂Ø‡∑í ‡∂í‡∂ö ‡∂∂‡∑í‡∂±‡∑ä‡∂Ø‡∂∏ ‡∂á‡∂≠‡∑í‡∑Ä‡∂± ‡∂≠‡∑è‡∂¥‡∂∫ ‡∑Ñ‚Ä¶ https://t.co/zmn0NDve2T",0
".
                ‡∂∏‡∂ß ‡∂∏‡∂∏ ‡∂ú‡∑ê‡∂±‡∂∏ ‡∂Ø‡∑î‡∂ö‡∂∫‡∑í... 
                  ‡∂ö‡∑è‡∂ß‡∑Ä‡∂≠‡∑ä‡∂∏ ‡∂±‡∑ú‡∂ö‡∑í‡∂∫‡∑è,
     ‡∂∏‡∑ô‡∂†‡∑ä‡∂†‡∑ä‡∂ª ‡∂Ø‡∑ö‡∑Ä‡∂Ω‡∑ä ‡∑Ä‡∑í‡∂≥ ‡∂Ø‡∂ª‡∑è‡∂ú‡∂±‡∑ä‡∂± ‡∂ï‡∂±‡∑ô‡∂Ø...‚Ä¶ https://t.co/9LHoINs08L",0
@iam_poor9 @SanjeewaKUK22 I did too üôà‡∂∏‡∑ê‡∂ª‡∑ô‡∂±‡∑ä‡∂± ‡∂ë‡∂±‡∑Ä‡∑è ‡∑Ñ‡∑í‡∂±‡∑è‡∑Ä‡∑ô‡∂Ω‡∑è ü§£ü§£ü§£,0
""" ‡∂Ø‡∑î‡∑Å‡∑ä‡∂ö‡∂ª‡∂∏ ‡∂ö‡∑è‡∂Ω ‡∂¥‡∑ê‡∂∏‡∑í‡∂±‡∑ö‡∑Ä‡∑í,
   ‡∂±‡∂∏‡∑î‡∂≠‡∑ä ‡∂ë‡∂ö‡∑í‡∂±‡∑ô‡∂ö‡∑è‡∑Ä ‡∂Ø‡∂ª‡∑è‡∂ú‡∂±‡∑ä‡∂±!""ü§çüåª https://t.co/H5NxBzwTU7",0
"‡∂Ö‡∂π‡∂¥‡∑î ‡∂ª‡∑ñ‡∂¥‡∑ô‡∂ß ‡∂Ø‡∑ê‡∂±‡∑ö‡∂Ø ‡∂Ö‡∂∏‡∑ä‡∂∏‡∂ú‡∑ô
‡∑Ñ‡∑í‡∂≠‡∑ö ‡∂Ø‡∑î‡∂ö 
‡∂Ø‡∑î‡∂ö‡∂ß ‡∑Ñ‡∑ö‡∂≠‡∑î‡∑Ä ‡∂Ö‡∂¥ ‡∂â‡∂¥‡∂Ø‡∑î‡∂± ‡∂ë‡∂ö ‡∂±‡∑ö‡∂Ø",0
@unknown_lankan ‡∂Ø‡∑î‡∂ö ‡∂≠‡∑î‡∂±‡∑ì ‡∂ö‡∂ª‡∂ú‡∂±‡∑ä‡∂±‡∑Ä‡∑è ‡∂á‡∂≠‡∑í üòÉ,0
@thnsameera ‡∑É‡∑ì‡∂¥‡∑ô‡∂ß‡∑ä‡∂ö‡∑ù privertize ‡∂ö‡∂ª‡∂±‡∑ä‡∂±‡∑ô ‡∂±‡∑ë.. ‡∂¥‡∑í‡∂ß‡∂ª‡∂ß ‡∑É‡∂∏‡∑è‡∂ú‡∂∏‡∑ä ‡∂ö‡∑ì‡∂¥‡∂∫‡∂ö‡∂ß ‡∂¥‡∑ô‡∂ß‡∑ä‚Äç‡∂ª‡∂Ω‡∑ä ‡∑Ç‡∑ô‡∂©‡∑ä ‡∂Ö‡∂ª‡∑í‡∂±‡∑ä‡∂± ‡∂Ø‡∑ô‡∂±‡∑ä‡∂± ‡∑Ñ‡∂Ø‡∂±‡∑ä‡∂±‡∑ô.. ‡∂∏‡∑î‡∂±‡∑ä ‡∂∏‡∑ê‡∂ª‡∑ô‡∂±‡∑ä‡∂± ‡∑Ñ‡∂Ø‡∂±‡∑ä‡∂±‡∑ô ‡∂í‡∂ö‡∂ß...,0
@PabaluSilva ‡∂ã‡∂´ ‡∂Ö‡∂©‡∑î‡∂∫‡∑í. ‡∑Ñ‡∑ú‡∂ß‡∑î ‡∂ö‡∂≥‡∑î‡∑Ö‡∑î ‡∂ú‡∂Ω‡∂± ‡∂ë‡∂ö ‡∂≠‡∑è‡∂∏ ‡∂ë‡∑Ñ‡∑ô‡∂∏‡∂∏‡∂∫‡∑í. ‡∂í ‡∂∏‡∂Ø‡∑í‡∑Ä‡∂ß ‡∂ö‡∑ê‡∑É‡∑ä‡∑É‡∂≠‡∑ä ‡∂≠‡∑í‡∂∫‡∑ô‡∂±‡∑Ä‡∑è.,0
"‡∂á‡∂∫‡∑í ‡∂â‡∂ª‡∑è‡∂¢‡∂∫‡∑è ‡∂ö‡∑í‡∂∫‡∂± ‡∂ú‡∑ú‡∂Ç ‡∂ö‡∂≠‡∑è ‡∑Ä‡∂Ω‡∂ß ‡∂ª‡∑í‡∂¥‡∑ä‡∂Ω‡∂∫‡∑í ‡∂ö‡∂ª‡∂±‡∑ä ‡∂Ø‡∂ú‡∂Ω‡∂±‡∑ä‡∂±‡∑ôüòÇ
‡∂í‡∂ö ‡∂ã‡∂ú‡∑ö ‡∂∏‡∑è‡∂±‡∑É‡∑í‡∂ö ‡∂∏‡∂ß‡∑ä‡∂ß‡∂∏‡∂±‡∑ôüòÇ
‡∂¥‡∑ù‡∂ß‡∑ä‡∂ß‡∑î‡∑Ä‡∂ß ‡∑Ä‡∑ô‡∂†‡∑ä‡∂† ‡∂Ø‡∑ö ‡∂Ø‡∑ê‡∂ö‡∂Ω‡∂∫‡∑í ‡∂¢‡∑Ä‡∑í‡∂¥‡∑ô ‡∂ª‡∑ê‡∂Ω‡∑ä‡∂Ω‡∂∫‡∑í ‡∂∏‡∑í‚Ä¶ https://t.co/xZ1CQ1xzOx",0
@indika27 ‡∂Ö‡∂©‡∑î‡∂¥‡∑è‡∂©‡∑î ‡∑Ñ‡∑ê‡∂∏‡∑ù‡∂ú‡∑ô‡∂∏ ‡∂≠‡∑í‡∂∫‡∑ô‡∂±‡∑Ä‡∑è ...‡∂í‡∂≠‡∑ä ‡∂ã‡∂±‡∑ä ‡∂±‡∑í‡∑É‡∑è ‡∂≠‡∂∏‡∂∫‡∑í ‡∂Ö‡∂¥‡∑í ‡∂≠‡∑è‡∂∏‡∂≠‡∑ä ‡∂¥‡∑ú‡∂ª ‡∂ß‡∑ù‡∂ö‡∑ä ‡∂Ø‡∑ì‡∂ú‡∑ô‡∂± ‡∂â‡∂±‡∑ä‡∂±‡∑ô....‡∂í‡∂ö ‡∂Ö‡∂∏‡∂≠‡∂ö ‡∂ö‡∂ª‡∂±‡∑ä‡∂± ‡∂ë‡∂¥‡∑è ‡∑É‡∑Ñ‡∑ù‡∂Ø‡∂ª‡∂∫‡∑è‚Ä¶ https://t.co/9beU5XXl9O,0
@djharristattaya ‡∂¥‡∑ú‡∂©‡∑í ‡∂ö‡∑è‡∂Ω‡∑ö ‡∂â‡∂≥‡∂±‡∑ä ‡∂í ‡∑Ä‡∂ú‡∑ö ‡∂¥‡∂ª‡∑í‡∑É‡∂ª‡∂∫‡∂ö ‡∑Ñ‡∑ê‡∂Ø‡∑î‡∂±‡∂∏ ‡∂í‡∂ö‡∂ß ‡∂¥‡∑î‡∂ª‡∑î‡∂Ø‡∑î ‡∑Ä‡∑ô‡∂±‡∑Ä‡∑è. ‡∑Ñ‡∑ê‡∂∂‡∑ê‡∂∫‡∑í ‡∂î‡∂Ω‡∑î‡∑Ä‡∑ö ‡∂ö‡∑ê‡∂ö‡∑ä‡∂ö‡∑î‡∂∏‡∂ö‡∑ä ‡∑Ñ‡∑ê‡∂Ø‡∑î‡∂± ‡∑Ä‡∑ö‡∂Ω‡∑è‡∑Ä‡∂ß ‡∂í ‡∑É‡∂Ø‡∑ä‡∂Ø ‡∂Ø‚Ä¶ https://t.co/eBDleNIRYv,0
"@Iam_DiNu__ ‡∂∏‡∂ß ‡∂ö‡∑í‡∂∫‡∂±‡∑ä‡∂± 
‡∑Ñ‡∑ê‡∂∏ ‡∂Ø‡∑ô‡∂∫‡∂ö‡∑ä‡∂∏
‡∑Ñ‡∑í‡∂≠‡∑ö ‡∂≠‡∑í‡∂∫‡∑ô‡∂±‡∑è..
‡∂Ø‡∑î‡∂ö ‡∂±‡∑í‡∑Ä‡∑ô‡∂±‡∑ä‡∂±..

‡∑Ñ‡∂Ø‡∑Ä‡∂≠‡∑ö..‡∂ú‡∑ê‡∑É‡∑ä‡∂∏
‡∂ª‡∑ê‡∂Ø‡∑ô‡∂±‡∑è ‡∂≠‡∑ê‡∂±‡∂ö..
‡∂∏‡∂Ç ‡∂Ü‡∑É‡∂∫‡∑í..
‡∂Ö‡∑Ñ‡∂Ç ‡∂â‡∂±‡∑ä‡∂±..",0
"‡∑É‡∑Ñ‡∂±‡∑è‡∂∞‡∑è‡∂ª ‡∑É‡∂∏‡∑ä‡∂¥‡∑ñ‡∂ª‡∑ä‡∂´‡∂∫‡∑ô‡∂±‡∑ä‡∂∏ ‡∂ö‡∂¥‡∑ä‡∂¥‡∑è‡∂Ø‡∑î ‡∂±‡∑ú‡∂ö‡∂ª ‡∑É‡∑ì‡∂∏‡∑è ‡∂ö‡∂ª‡∂± ‡∂ë‡∂ö ‡∂¥‡∑ä‚Äç‡∂ª‡∑è‡∂∫‡∑ù‡∂ú‡∑í‡∂ö‡∑Ä ‡∑É‡∑ë‡∑Ñ‡∑ô‡∂± ‡∂Ö‡∂∏‡∑è‡∂ª‡∑î ‡∑Ä‡∑ê‡∂©‡∂ö‡∑ä. 
‡∂ö‡∑ò‡∑Å‡∑í ‡∂±‡∑í‡∂Ω‡∂∞‡∑è‡∂ª‡∑í‡∂±‡∑í‡∂∫‡∂ß ‡∂∏‡∑ê‡∂ª‡∑ô‡∂±‡∑ä‡∂± ‡∑É‡∑í‡∂Ø‡∑ä‡∂Ø ‡∑Ä‡∑î‡∂±‡∑ô‡∂≠‡∑ä ‡∑É‡∑Ñ‡∂±‡∑è‡∂∞‡∑è‡∂ª ‡∑É‡∑í‡∂Ø‡∑î‡∑Ä‡∑ì‡∂∏‡∂ö‡∑ä ‡∂±‡∑í‡∑É‡∑è.",0
‡∂ª‡∑è‡∂¢‡∑ä‚Äç‡∂∫ ‡∂Ü‡∂∫‡∂≠‡∂± ‡∂¥‡∑û‡∂Ø‡∑ä‡∂ú‡∂Ω‡∑í‡∂ö‡∂ª‡∂±‡∂∫ ‡∑Ñ‡∑ú‡∂≥‡∂∫‡∑í. ‡∑Ñ‡∂ª‡∑í‡∂∫‡∂ß ‡∂±‡∑ú‡∂ö‡∂ª‡∂± ‡∂ë‡∂ö‡∂∫‡∑í ‡∂Ø‡∑î‡∂ö.,0
"‡∂∏‡∂∏ ‡∑Ñ‡∑í‡∂≠‡∂±‡∑Ä‡∑è ! 

"" ‡∂∏‡∂±‡∑î‡∑É‡∑ä‡∑É‡∂∫‡∑ô‡∂ö‡∑ä‡∂ß ‡∂Ø‡∑ê‡∂±‡∑ô‡∂±‡∑ä‡∂± ‡∂ï‡∂± 
‡∂≠‡∂∏‡∂±‡∑ä ‡∂≠‡∂±‡∑í ‡∑Ä‡∑ô‡∂Ω‡∑è ‡∂ö‡∑í‡∂∫‡∂Ω‡∑è ""

‡∂í ‡∑Ñ‡∑ê‡∂ü‡∑ì‡∂∏ ‡∂í ‡∂∏‡∑í‡∂±‡∑í‡∑É‡∑ä‡∑É‡∑î‡∂±‡∑ä‡∑Ä 
‡∂ï‡∂±‡∂∏ ‡∂ö‡∑î‡∂´‡∑è‡∂ß‡∑î‡∑Ä‡∂ö‡∑ä ‡∑Ö‡∂ü ‡∂Ø‡∂ª‡∑è‡∂ú‡∂±‡∑ä‡∂± ‡∑Ñ‡∑î‡∂ª‡∑î‚Ä¶ https://t.co/9Uo1laXcxN",0
@pathumjayatissa ‡∂î‡∑Ä‡∑ä ‡∂â‡∂≠‡∑í‡∂±‡∑ä ‡∂á‡∑Ä‡∑í‡∂Ø‡∑í‡∂±‡∑ä‡∂±‡∑Ä‡∂≠‡∑ä ‡∂∂‡∑ê‡∂ª‡∑í ‡∂ö‡∂ª‡∂Ω‡∑è ‡∂á‡∂≥‡∂ö ‡∂ë‡∂ö‡∂≠‡∑ê‡∂±‡∑ä ‡∂ö‡∂ª‡∂Ω ‡∂á‡∂Ω‡∑ä ‡∑Ä‡∂≠‡∑î‡∂ª ‡∂ß‡∑í‡∂ö‡∂ö‡∑ä ‡∂¥‡∑ú‡∑Ä ‡∂¥‡∑ú‡∑Ä ‡∂∏‡∑ê‡∂ª‡∑ô‡∂±‡∑ä‡∂± ‡∂±‡∑ú‡∂Ø‡∑ì ‡∂≠‡∑í‡∂∫‡∂±‡∑ä ‡∑Ñ‡∑í‡∂ß‡∑í‡∂∫‡∂≠‡∑ä ‡∂Ü‚Ä¶ https://t.co/iykye7r009,0
@0_dhanushka ‡∂Ø‡∑î‡∂ö ‡∂≠‡∂∏‡∑è ‡∂¥‡∑î‡∂≠‡∑ì,0
RT @GayumiKW: ‡∂Ø‡∑î‡∂ö ‡∑Ñ‡∑í‡∂≠‡∑í‡∂Ω‡∑è ‡∑Ä‡∑Ñ ‡∂ß‡∑í‡∂ö‡∂ö‡∑ä ‡∂∂‡∑ú‡∂±‡∑ä‡∂± ‡∂ú‡∑í‡∂∫‡∂≠‡∑ä L ‡∂ö‡∑ê‡∂±‡∑ä‡∂ß‡∑í‡∂∏‡∑ö ‡∂ö‡∑ù‡∂¥‡∑ä‡∂¥ ‡∂±‡∑ë.üö∂‚Äç‚ôÄÔ∏è,0
"‡∂Ö‡∂¥‡∑í‡∂ß‡∂≠‡∑ä ‡∂ë‡∂Ω‡∑ä‡∂Ω‡∑í‡∂Ω‡∑è ‡∂∏‡∑ê‡∂ª‡∑ô‡∂±‡∑ä‡∂± ‡∂≠‡∂ª‡∂∏‡∑ä ‡∑Ä‡∑ö‡∂Ø‡∂±‡∑è‡∑Ä‡∂Ω‡∑ä ‡∂Ü‡∑Ä‡∑è....

‡∂ë ‡∂ã‡∂±‡∑è‡∂ß ‡∂Ö‡∂¥‡∑í   `` ‡∂ú‡∂Ç‡∂¢¬¥¬¥ 
‡∂ß‡∑í‡∂ö‡∂ö‡∑ä ‡∂ú‡∑Ñ‡∂Ω ‡∑Ñ‡∑í‡∂±‡∑è ‡∑Ä‡∑ô‡∂Ω‡∑è
‡∂¥‡∑è‡∂©‡∑î‡∑Ä‡∑ô ‡∑Ñ‡∑í‡∂ß‡∑í‡∂∫ ‡∂∏‡∑í‡∑É‡∂ö‡∑ä
‡∂Ø‡∂ª‡∑î‡∂±‡∑î‚Ä¶ https://t.co/XV4qdwGENy",0
‡∑Ñ‡∑ê‡∂∏‡∑ù‡∂∏ ‡∂∏‡∂ú‡∑ö ‡∂Ω‡∑ê‡∂¥‡∑ä‡∂ß‡∑ú‡∂¥‡∑ä ‡∂ë‡∂ö‡∂ß ‡∂∂‡∑ê‡∂±‡∑ä‡∂±‡∑è..‡∂∏‡∂∏ ‡∂∂‡∑ô‡∂Ω‡∑ä‡∂Ω ‡∂ö‡∂©‡∑è ‡∂ú‡∂≠‡∑ä‡∂≠‡∑ö ‡∂ë‡∂∫‡∑è ‡∂±‡∑í‡∑É‡∑è ‡∂ö‡∑í‡∂∫‡∂Ω‡∑è..‡∂ë‡∂∫‡∑è‡∂ß ‡∂í ‡∂Ø‡∑î‡∂ö ‡∂Ø‡∂ª‡∑è ‡∂ú‡∂±‡∑ä‡∂± ‡∂∂‡∑ê‡∂ª‡∑í ‡∑Ä‡∑ô‡∂±‡∑ä‡∂± ‡∂á‡∂≠‡∑í ‡∂í‡∂ö‡∂∫‡∑í ‡∂ë‡∂∫ ‡∂Ö‡∑Ä‡∑î‡∂ª‡∑î‚Ä¶ https://t.co/vM0VvsWg9E,0
‡∂Ø‡∑î‡∂ö ‡∑Ñ‡∑í‡∂≠‡∑í‡∂Ω‡∑è ‡∑Ä‡∑Ñ ‡∂ß‡∑í‡∂ö‡∂ö‡∑ä ‡∂∂‡∑ú‡∂±‡∑ä‡∂± ‡∂ú‡∑í‡∂∫‡∂≠‡∑ä L ‡∂ö‡∑ê‡∂±‡∑ä‡∂ß‡∑í‡∂∏‡∑ö ‡∂ö‡∑ù‡∂¥‡∑ä‡∂¥ ‡∂±‡∑ë.üö∂‚Äç‚ôÄÔ∏è,0
@Asanka_u_perera ‡∂ë‡∑Ñ‡∑ô‡∂±‡∂∏‡∑ä ‡∑Ä‡∑Ñ‡∑è‡∂∏ ‡∂Ø‡∑î‡∂ö ‡∂¥‡∑ê‡∂≠‡∑ä‡∂≠‡∂ö‡∑í‡∂±‡∑ä ‡∂≠‡∑í‡∂∫‡∂Ω‡∑è ‡∂©‡∑í‡∂¢‡∑í‡∂ß‡∂Ω‡∑ä ‡∂≠‡∑í‡∂ª ‡∑É‡∂Ø‡∑Ñ‡∑è‡∂∏ ‡∂≠‡∑í‡∂∫‡∑ô‡∂± ‡∂ö‡∂±‡∑ä‡∂±‡∑è‡∂©‡∑í ‡∂ö‡∑î‡∂ß‡∑ä‡∂ß‡∂∏‡∂ö‡∑ä ‡∂ú‡∂±‡∑ä‡∂±. ‡∂±‡∑ê‡∂≠‡∑ä‡∂±‡∂∏‡∑ä ‡∂á‡∑É‡∑ä ‡∑É‡∑Ä‡∑î‡∂≠‡∑ä‡∂≠‡∑î ‡∑Ä‡∑ô‡∂∫‡∑í. üòá,0
‡∂Ø‡∑î‡∂ö ‡∂∫‡∂±‡∑î ‡∂∏‡∑ö ‡∂ª‡∑É‡∑ä‡∂±‡∑ô ‡∂ö‡∑è‡∂Ω‡∑ö ‡∑Ü‡∑ì‡∂Ω‡∑ä‡∂©‡∑ä ‡∑Ä‡∑ê‡∂ß‡∑ì‡∂∏‡∂∫‡∑í...ü§ïü•≤,0
"‡∂ª‡∂±‡∑í‡∂Ω‡∑ä ‡∑Ñ‡∑ê‡∂Ç‡∂ú‡∑ô‡∂± ‡∂≠‡∑ê‡∂±‡∑ä ‡∑Ñ‡∑ú‡∂∫‡∑è‡∂ú‡∂±‡∑ä‡∂± ‡∂ö‡∂≥‡∑î‡∑Ö‡∑î ‡∂ú‡∑ë‡∑É‡∑ä ‡∂∂‡∑ê‡∂ß‡∂±‡∑ä ‡∂¥‡∑ú‡∂Ω‡∑î ‡∑Ä‡∑ê‡∂©‡∑í‡∂ö‡∂ª ‡∂ú‡∂±‡∑ä‡∂± - ‡∂∏‡∑î‡∂Ø‡∂Ω‡∑í‡∂ú‡∑ö ‡∂¢‡∂±‡∂¥‡∂≠‡∑í‡∂ß ‡∂Ö‡∂∑‡∑í‡∂∫‡∑ù‡∂ú‡∂∫‡∂ö‡∑ä
https://t.co/DHw3W3Kkop‚Ä¶ https://t.co/D86fR7posV",0
@IGI3249 ‡∂Ø‡∑î‡∂ö üòÇ,0
@indika27 ‡∑É‡∂Ø‡∑ä‡∂Ø ‡∂ö‡∂Ω‡∑ú‡∂≠‡∑ä ‡∂ö‡∂∏‡∑ä‡∂¥‡∑ä‡∂Ω‡∑ö‡∂±‡∑ä. ‡∂∂‡∑í‡∂Ω‡∑ä‡∂©‡∑í‡∂±‡∑ä ‡∑Ñ‡∂Ø‡∂± ‡∂í‡∑Ä‡∂≠‡∑ä ‡∂Ø‡∑Ä‡∂Ω‡∑ä‡∂ß ‡∑Ä‡∑í‡∂≠‡∂ª‡∂∫‡∑í ‡∂Ø‡∂ª‡∑è‡∂ú‡∂±‡∑ä‡∂± ‡∂¥‡∑î‡∂Ω‡∑î‡∑Ä‡∂±‡∑ä ‡∂©‡∑ô‡∑É‡∑í‡∂∂‡∂Ω‡∑ä ‡∂ú‡∑è‡∂± ‡∂≠‡∑í‡∂∫‡∑è‡∂ú‡∑ô‡∂± ‡∂¥‡∂∫‡∑í‡∂Ω‡∑ä ‡∂ú‡∑Ñ‡∂± ‡∂í‡∑Ä‡∑è ‡∂ë‡∑Ñ‡∑ô‡∂∏ ‡∂ö‡∂ª‡∂±‡∑ä‡∂±‡∑ô.,0
‡∑É‡∂Ø‡∑î‡∂±‡∑ä ‡∂Ö‡∂∫‡∑í‡∂∫‡∑è ‡∂¥‡∂† ‡∑Ä‡∑ö‡∂ú‡∑ô‡∂± ‡∂ë‡∂±‡∂ö‡∑ú‡∂ß ‡∂Ø‡∑î‡∂ö ‡∂Ö‡∑Ñ‡∂± ‡∂Ö‡∂∫‡∑í‡∂∫‡∑è spiritual ‡∑Ä‡∑í‡∂Ø‡∑í‡∂∫‡∂ß ‡∂ã‡∂© ‡∂Ø‡∑è‡∂Ω‡∑è ‡∂Ø‡∑ô‡∂±‡∑ä‡∂± ‡∑Ñ‡∂Ø‡∂±‡∑ä‡∂±‡∑ö.,0
"- 2023.03.28 -
‡∑É‡∑í‡∂∫‡∂Ø‡∑í‡∑Ä‡∑í ‡∂±‡∑É‡∑è ‡∂ú‡∑ê‡∂±‡∑ì‡∂∏ ‡∂¥‡∑í‡∑Ö‡∑í‡∂∂‡∂≥‡∑Ä ‡∑Ä‡∂ú‡∂ö‡∑ì‡∂∏‡∑ä ‡∑É‡∑Ñ‡∑í‡∂≠ ‡∑Ä‡∑è‡∂ª‡∑ä‡∂≠‡∑è‡∂ö‡∂ª‡∂´‡∂∫‡∂ö‡∑ä  
‡∑É‡∑í‡∂∫‡∂Ø‡∑í‡∑Ä‡∑í ‡∂±‡∑É‡∑è ‡∂ú‡∑ê‡∂±‡∑ì‡∂∏ ‡∂¥‡∑í‡∑Ö‡∑í‡∂∂‡∂≥‡∑Ä ‡∑Ä‡∂ú‡∂ö‡∑ì‡∂∏‡∑ä ‡∑É‡∑Ñ‡∑í‡∂≠ ‡∑Ä‡∑è‡∂ª‡∑ä‡∂≠‡∑è‡∂ö‡∂ª‡∂´‚Ä¶ https://t.co/TlIiqCuRPn",0
"‡∑É‡∑í‡∂≠ ‡∂Ø‡∑î‡∂ª‡∂ö ‡∂ú‡∑í‡∂∫‡∑è ‡∂Ü‡∂Ø‡∂ª‡∑ö ‡∑É‡∑ú‡∂∫‡∑è
‡∂∏‡∑î‡∂≠‡∑î ‡∂ö‡∂≥‡∑î‡∑Ö‡∑î ‡∂∂‡∑í‡∂Ç‡∂Ø‡∑î‡∑Ä‡∂ö‡∑ä ‡∂ú‡∂Ω‡∑è ‡∂ú‡∑í‡∂∫‡∑è
‡∑É‡∂∏‡∑î ‡∂ú‡∑ê‡∂±‡∑ä‡∂∏ ‡∑Ä‡∑ö‡∂Ø‡∂±‡∑è‡∑Ä‡∂ö‡∑ì ‡∂Ω‡∑ú‡∑Ä‡∑ö
‡∂∏‡∑ö ‡∂â‡∂±‡∑ä‡∂Ø‡∑ä‚Äç‡∂ª‡∂†‡∑è‡∂¥‡∂∫‡∂ö‡∑ä‡∂Ø ‡∂¢‡∑ì‡∑Ä‡∑í‡∂≠‡∑ö ...üíî",0
@SumanaAbeyseke1 @KMeeeaaow @DPMJayawardhan1 @SriNewspaper @Econ_Col @RenukaJRA @JustinRenuka @JKalugamage‚Ä¶ https://t.co/f7XimUQH3J,0
@KosPolos @JayaniFdo ‡∂Ø‡∑î‡∂ö ‡∑Ñ‡∑í‡∂≠‡∑î‡∂±‡∑è üòï,0
‡∑É‡∂¢‡∑í‡∂≠‡∑ä ‡∂Ö‡∂±‡∑î‡∂ª ‡∂Ø‡∑ô‡∂ú‡∑ú‡∂Ω‡∑ä‡∂Ω‡∂ß‡∂∏ ‡∂¢‡∂±‡∂≠‡∑è‡∑Ä ‡∑Ä‡∑í‡∂≥‡∑í‡∂± ‡∂Ø‡∑î‡∂ö ‡∂¥‡∑ô‡∂±‡∑ô‡∂±‡∑ä‡∂±‡∑ô ‡∂±‡∑ê‡∑Ñ‡∑ê.. ‡∂Ø‡∑ê‡∂±‡∑ô‡∂±‡∑ä‡∂±‡∑ô  ‡∂±‡∑ê‡∑Ñ‡∑ê.. ‡∂í ‡∂±‡∑í‡∑É‡∂∫‡∑í ‡∑É‡∂∏‡∑î‡∑Ö‡∑î‡∑Ä‡∂ß ‡∂±‡∑ú‡∂ú‡∑ú‡∑É‡∑ä ‡∂ë‡∂Ω‡∑í‡∂∫‡∑ô ‡∂â‡∂≥‡∂±‡∑ä ‡∂ª‡∂±‡∑í‡∂Ω‡∑ä‡∂ß ‡∂Ø‡∑ú‡∑É‡∑ä‚Ä¶ https://t.co/BDBsLS1Eg4,0
"@AyNaGsEuL101 Real ‡∂Ø‡∑î‡∂ö,‡∂í‡∂ö,‡∂±‡∂∏‡∑ä,ü•≤",0
"‡∂õ‡∂±‡∑í‡∂¢ ‡∂≠‡∑ô‡∂Ω‡∑ä ‡∂±‡∑ì‡∂≠‡∑í‡∂ú‡∂≠ ‡∑É‡∂Ç‡∑É‡∑ä‡∂Æ‡∑è‡∑Ä‡∑ö ‡∂ã‡∂¥‡∑Ä‡∑è‡∑É‡∂∫‡∂ö‡∑ä ‡∂Ö‡∂Ø ‡∑Ñ‡∑ô‡∂ß‡∂∏ ‡∂¥‡∂ß‡∂±‡∑ä ‡∂ú‡∂±‡∑ä‡∂± ‡∂±‡∑í‡∑É‡∑è, ‡∂ã‡∂±‡∑ä‡∑Ä ‡∂ë‡∂≠‡∂±‡∂∏ ‡∂∏‡∑ê‡∂ª‡∑ô‡∂±‡∑ä‡∂± ‡∂Ö‡∂≠ ‡∂Ö‡∂ª‡∑í‡∂±‡∑ä‡∂± ‡∂ï‡∂±‡∑í.

‡∂ã‡∂±‡∑ä ‡∂∏‡∑ú‡∂±‡∑Ä ‡∂ö‡∂Ω‡∂≠‡∑ä, ‡∂õ‡∂±‡∑í‡∂¢ ‡∂≠‡∑ô‚Ä¶ https://t.co/c5VN194SP3",0
"RT @Madhushanika_Ws: ‡∂∏‡∂Ω‡∑ä ‡∂ö‡∑í‡∂∫‡∂±‡∑ä‡∂±‡∑ö‡∂∏ ‡∂∑‡∑è‡∑Ç‡∑è‡∑Ä‡∂ö‡∑äüåºüíô

‡∂Ü‡∂Ø‡∂ª‡∑ö ‡∂ö‡∂ª‡∂± ‡∂ö‡∑ô‡∂±‡∑ô‡∂ö‡∑ä‡∂ß #‡∂∏‡∂Ω‡∂ö‡∑ä ‡∂≠‡∑ë‡∂ú‡∑í ‡∂ö‡∂ª‡∂±‡∑ä‡∂± ‡∂ö‡∑Ä‡∂Ø‡∑è‡∑Ä‡∂≠‡∑ä ‡∂Ö‡∂∏‡∂≠‡∂ö ‡∂ö‡∂ª‡∂±‡∑ä‡∂±‡∑ô‡∂¥‡∑è
‡∂∏‡∑í‡∂±‡∑í‡∑É‡∑ä‡∑É‡∑î ‡∂∏‡∑ê‡∂ª‡∑ô‡∂±‡∑ä‡∂± ‡∂ö‡∂Ω‡∑í‡∂±‡∑ä ‡∂ë‡∂ö‡∂∏ ‡∂ë‡∂ö ‡∂¥‡∑è‡∂ª‡∂ö‡∑ä ‡∑Ñ‚Ä¶",0
"RT @Madhushanika_Ws: ‡∂∏‡∂Ω‡∑ä ‡∂ö‡∑í‡∂∫‡∂±‡∑ä‡∂±‡∑ö‡∂∏ ‡∂∑‡∑è‡∑Ç‡∑è‡∑Ä‡∂ö‡∑äüåºüíô

‡∂Ü‡∂Ø‡∂ª‡∑ö ‡∂ö‡∂ª‡∂± ‡∂ö‡∑ô‡∂±‡∑ô‡∂ö‡∑ä‡∂ß #‡∂∏‡∂Ω‡∂ö‡∑ä ‡∂≠‡∑ë‡∂ú‡∑í ‡∂ö‡∂ª‡∂±‡∑ä‡∂± ‡∂ö‡∑Ä‡∂Ø‡∑è‡∑Ä‡∂≠‡∑ä ‡∂Ö‡∂∏‡∂≠‡∂ö ‡∂ö‡∂ª‡∂±‡∑ä‡∂±‡∑ô‡∂¥‡∑è
‡∂∏‡∑í‡∂±‡∑í‡∑É‡∑ä‡∑É‡∑î ‡∂∏‡∑ê‡∂ª‡∑ô‡∂±‡∑ä‡∂± ‡∂ö‡∂Ω‡∑í‡∂±‡∑ä ‡∂ë‡∂ö‡∂∏ ‡∂ë‡∂ö ‡∂¥‡∑è‡∂ª‡∂ö‡∑ä ‡∑Ñ‚Ä¶",0
"‡∂â‡∂¥‡∂Ø‡∑ì ‡∂Ω‡∑ú‡∑Ä‡∑ö ‡∂±‡∑Ä‡∑è‡∂≠‡∑ê‡∂±‡∑ä‡∂¥‡∂Ω‡∑ö//üé∂üéµüîä
‡∂∏‡∑í‡∂±‡∑í‡∑É‡∑è ‡∂ª‡∂ü‡∂∫‡∑í ‡∂ª‡∂Ç‡∂ú‡∂±‡∑ö...
‡∂∂‡∑Ä‡∂∫‡∑ô‡∂±‡∑ä ‡∂∂‡∑Ä‡∑ö ‡∑Ä‡∑í‡∂ª‡∑è‡∂∏‡∑ö ‡∂Ö‡∂¥‡∑ö
‡∂ö‡∑è‡∂Ω‡∑ö ‡∂ß‡∑í‡∂ö‡∂∫‡∑í ‡∂¢‡∑ì‡∑Ä‡∑í‡∂≠‡∑ö...
‡∑É‡∑í‡∂±‡∑Ñ ‡∂ö‡∂≥‡∑î‡∑Ö‡∑î ‡∂ë‡∂±‡∑Ä‡∑è.. ‡∂∫‡∂±‡∑Ä‡∑è...‚Ä¶ https://t.co/l0gCV1VjmN",0
"‡∂Ø‡∑î‡∂ö ‡∂¥‡∑ê‡∑Ä‡∑É‡∑ñ‡∂∫‡∑ô‡∂∏‡∑í ‡∂Ö‡∑É‡∂±‡∑è ‡∂ö‡∑ô‡∂±‡∑ô‡∂ö‡∑ä ‡∂±‡∑ê‡∂≠‡∑í - ‡∂¥‡∑è‡∂Ω‡∑î ‡∂±‡∑ê‡∑É‡∑ñ‡∂∫‡∑ô‡∂∏‡∑í ‡∂≠‡∂±‡∑í‡∂∫‡∂ß ‡∂ö‡∑ô‡∂±‡∑ô‡∂ö‡∑ä ‡∂±‡∑ê‡∂≠‡∑í 
‡∂Ø‡∑ê‡∑Ä‡∑î‡∂±‡∑ö ‡∂Ø‡∑ê‡∑Ä‡∑î‡∂±‡∑ö ‡∂¥‡∑í‡∂ª‡∑í‡∑É‡∑í‡∂Ø‡∑î ‡∑É‡∑í‡∂≠‡∂ö‡∑í‡∂±‡∑ä - ‡∂ë‡∂ö‡∂∏ ‡∂Ω‡∂≥‡∂ö‡∑ä ‡∑Ä‡∑ô‡∂≠ ‡∂¥‡∑ô‡∂∏‡∑ä ‡∂ö‡∂Ω ‡∂ã‡∂∏‡∂≠‡∑î‡∑Ä‡∑ô‡∂±‡∑í... üòå",0
‡∑Ä‡∂ª‡∂Ø‡∂ö‡∑ä ‡∂ö‡∂ª‡∑è ‡∂±‡∂∏‡∑ä ‡∂Ø‡∂©‡∑î‡∑Ä‡∂∏ ‡∂Ö‡∂±‡∑í‡∑Ä‡∑è‡∂ª‡∑ô‡∂±‡∑ä ‡∂Ω‡∑ê‡∂∂‡∑ô‡∂±‡∑Ä‡∑è.. ‡∑Ä‡∑í‡∂Ø‡∑Ä‡∂Ω‡∑è ‡∂∏‡∑ê‡∂ª‡∑ô‡∂±‡∑ä‡∂± ‡∑Ñ‡∂ª‡∑í  üíî,0
"‡∑É‡∂∏‡∑Ñ‡∂ª ‡∑Ä‡∑ô‡∂Ω‡∑è‡∑Ä‡∂ß ‡∂∏‡∂ß ‡∂∏‡∂±‡∑ä ‡∂ú‡∑ê‡∂±‡∂∏ ‡∑Ñ‡∑ö‡∂≠‡∑î‡∑Ä‡∂ö‡∑ä ‡∂±‡∑ê‡∂≠‡∑î‡∑Ä ‡∂Ø‡∑î‡∂ö ‡∑Ñ‡∑í‡∂≠‡∑ô‡∂±‡∑Ä‡∑è.

 ‡∂ä‡∂ß‡∂¥‡∑É‡∑ä‡∑É‡∑ô ‡∂Ø‡∑î‡∂ö ‡∑Ñ‡∑í‡∂≠‡∑î‡∂±‡∂ß ‡∑Ñ‡∑ö‡∂≠‡∑î‡∑Ä‡∂ö‡∑ä ‡∑Ñ‡∑í‡∂≠‡∂±‡∑Ä‡∑è.

‡∑Ñ‡∑ö‡∂≠‡∑î‡∑Ä‡∂ö‡∑ä ‡∑Ñ‡∑í‡∂≠‡∂Ø‡∑ä‡∂Ø‡∑ì ‡∂≠‡∑í‡∂∫‡∑ô‡∂± ‡∑Ñ‡∑ö‡∂≠‡∑î‚Ä¶ https://t.co/OrHKkaJTYD",0
"‡∂∏‡∑ê‡∂ª‡∑ô‡∂±‡∑ä‡∂± ‡∂¥‡∑ô‡∂ª ‡∑Ä‡∑í‡∑Å‡∑ö‡∑Ç‡∂• ‡∑Ä‡∑õ‡∂Ø‡∑ä‚Äç‡∂∫‡∑Ä‡∂ª‡∑í‡∂∫‡∂ö ‡∂á‡∂≠‡∑î‡∑Ö‡∑î ‡∑Ñ‡∂∫‡∂ö‡∂ß ‡∂¢‡∑ì‡∑Ä‡∑í‡∂≠‡∂∫ ‡∂Ø‡∑î‡∂±‡∑ä ‡∂¥‡∑í‡∂±‡∑ä‡∂∂‡∂ª ‡∂Ø‡∑í‡∂∫‡∂´‡∑í‡∂∫‚Ä¶
Read More- https://t.co/HaGli1QD6e
News And Ar‚Ä¶ https://t.co/RHalVJWevN",0
@shanki_thewitch ‡∂í ‡∂ã‡∂±‡∑è‡∂ß ‡∂∏‡∑ê‡∂ª‡∑ô‡∂±‡∑ä‡∂± ‡∂ë‡∂¥‡∑è ü•≤,0
