post_text,label
# ‡∂∏‡∂ß # ‡∂ö‡∂Ω‡∑ä‡∂¥‡∂±‡∑è‡∂ú‡∑è ‡∑Ñ‡∑è # ‡∑Ä‡∑ì‡∂Ø‡∑í‡∑Ä‡∂Ω‡∑í‡∂±‡∑ä ‡∂ª‡∑ù‡∂ú‡∑è‡∂≠‡∑î‡∂ª ‡∑Ä‡∑ì ‡∑Ä‡∑É‡∂ª 2 ‡∂ö‡∂ß ‡∑Ä‡∂©‡∑è ‡∂ú‡∂≠‡∑Ä‡∑ì ‡∂á‡∂≠.‡∂Ö‡∂Ø ‡∂∏‡∂∏ ‡∂ë‡∂≠‡∑ê‡∂±‡∑ä ‡∑É‡∑í‡∂ß ‡∂ö‡∑ú‡∂¥‡∂∏‡∂´ ‡∂Ø‡∑î‡∂ª‡∂ö‡∑ä ‡∂¥‡∑ê‡∂∏‡∑í‡∂´ ‡∂á‡∂≠‡∑ä‡∂Ø‡∑ê‡∂∫‡∑í ‡∂∏‡∑ô‡∂±‡∑ô‡∑Ñ‡∑í ‡∂ö‡∑í‡∂ª‡∑ì‡∂∏‡∂ß ‡∂∏‡∑ú‡∑Ñ‡∑ú‡∂≠‡∂ö‡∑ä ‡∂ú‡∂≠ ‡∂ö‡∂ª‡∂∏‡∑í.,1
"‡∂í ‡∂â‡∂ª‡∑í‡∂Ø‡∑è‡∂∫, ‡∂∏‡∂ß ‡∑Ä‡∑í‡∑Ä‡∑ö‡∂ö‡∂∫‡∂ö‡∑ä ‡∂Ö‡∑Ä‡∑Å‡∑ä‡∂∫‡∂∫‡∑í, ‡∂í ‡∂±‡∑í‡∑É‡∑è ‡∂∏‡∂∏ ‡∑É‡∑ê‡∂Ω‡∑É‡∑î‡∂∏‡∑ä ‡∂ö‡∂ª‡∂±‡∑ä‡∂±‡∑ö # A14 ‡∑Ñ‡∑í ‡∑Ñ‡∑ê‡∂ö‡∑í ‡∂≠‡∂ª‡∂∏‡∑ä ‡∂ö‡∑è‡∂Ω‡∂∫‡∂ö‡∑ä ‡∂ú‡∂≠ ‡∂ö‡∑í‡∂ª‡∑ì‡∂∏‡∂ß ...",1
"‡∂Ö‡∑Ä‡∂Ø‡∑í ‡∑Ä‡∂±‡∑ä‡∂±, ‡∂±‡∂∏‡∑î‡∂≠‡∑ä ‡∑Ä‡∑ô‡∑Ñ‡∑ô‡∑É‡∂ß ‡∂¥‡∂≠‡∑ä‡∑Ä‡∑ì‡∂∏.‡∂∏‡∂ß ‡∂±‡∑í‡∂Ø‡∑è‡∂ú‡∂±‡∑ä‡∂± ‡∂ï‡∂± ‡∂±‡∂∏‡∑î‡∂≠‡∑ä ‡∂∏‡∂ú‡∑ö ‡∂∏‡∑ú‡∑Ö‡∂∫‡∂ß ‡∑Ä‡∑ô‡∂±‡∂≠‡∑ä ‡∂Ö‡∂Ø‡∑Ñ‡∑É‡∑ä ‡∂≠‡∑í‡∂∂‡∑ö ...",1
RT @SEWRQ: #TRORO ‡∑Ä‡∂Ω‡∑É‡∑î‡∂±‡∑ä ‡∂¥‡∂ª‡∑í‡∂¥‡∑ñ‡∂ª‡∑ä‡∂´ ‡∂≠‡∑ë‡∂ú‡∑í ‡∂á‡∂≠‡∑í ‡∂ö‡∂ª‡∂± ‡∂Ö‡∂≠‡∂ª ‡∂Ü‡∂ª‡∂∏‡∑ä‡∂∑‡∂ö‡∂∫‡∑í‡∂±‡∑ä ‡∑É‡∂≥‡∑Ñ‡∑è ‡∂Ø ‡∑Ä‡∑í‡∑Å‡∑í‡∑Ç‡∑ä‡∂ß‡∂∫‡∑í!‡∂Ø‡∑ê‡∂±‡∑ä ‡∑Ä‡∑í‡∂ö‡∑í‡∂´‡∑ì‡∂∏‡∑ô‡∂±‡∑ä ‡∂Ø‡∑ê‡∂±‡∑ä ‡∂∏‡∑ê‡∑Ñ‡∑î‡∂∏‡∑ä ‡∑É‡∂∏‡∂ü ‡∂∏‡∑ê‡∑Ñ‡∑î‡∂∏‡∑ä ‡∂ö‡∂ª‡∂±‡∑ä‡∂±!#yayp://t.co/...,1
"‡∂á‡∑É‡∑î‡∂ª‡∑î‡∂∏‡∑ä ‡∂Ω‡∑ê‡∂∫‡∑í‡∑É‡∑ä‡∂≠‡∑î ‡∂¢‡∑ì‡∑Ä‡∂±‡∂∫ ‡∂Ω‡∂∂‡∑è ‡∂ú‡∑ê‡∂±‡∑ì‡∂∏ ‡∂¥‡∑Ñ‡∑É‡∑î‡∂Ø, ‡∂±‡∑ê‡∂≠‡∑Ñ‡∑ú‡∂≠‡∑ä ‡∂≠‡∑Ä‡∂∏‡∂≠‡∑ä ‡∂ö‡∑ú‡∂¥‡∂∏‡∂´ ‡∂¥‡∑ä‡∂ª‡∂∏‡∑è‡∂´‡∂∫‡∂ö‡∑ä ‡∂Ö‡∑Ä‡∑Å‡∑ä‡∂∫‡∂Ø ‡∂∫‡∂±‡∑ä‡∂± ‡∂ö‡∑ì‡∂∏‡∂ß ‡∂Ö‡∂¥‡∑Ñ‡∑É‡∑î‡∂∫ ... # ‡∂∏‡∑ù‡∂ª‡∑í‡∂Ç‡∑Ñ‡∑Ä‡∑î‡∑É‡∑ä # ‡∂ö‡∂±‡∑í‡∑Ç‡∑ä",1
‡∂á‡∑É‡∑î‡∂ª‡∑î‡∂∏‡∑ä ‡∂Ω‡∑ê‡∂∫‡∑í‡∑É‡∑ä‡∂≠‡∑î ‡∑É‡∑ë‡∂Ø‡∑ì‡∂∏ ‡∂∏‡∂ú‡∑ö ‡∂±‡∑Ä ‡∑Ä‡∑í‡∂±‡∑ù‡∂Ø‡∑è‡∂Ç‡∑Å‡∂∫ ... # ‡∂∏‡∑ù‡∂∫‡∑í‡∑Ü‡∑ä‡∑Ñ‡∑Ä‡∑î‡∑É‡∑ä,1
‡∂±‡∑ú‡∑É‡∑ä‡∂ß‡∑ê‡∂Ω‡∑ä‡∂ö‡∂∏‡∑ä ‡∑Ñ‡∑ö‡∂≠‡∑î ‡∑É‡∂≥‡∑Ñ‡∑è ‡∂Ø‡∑ö‡∑Ä‡∂Ω‡∑ä ‡∂≠‡∂∂‡∑è ‡∂ú‡∑ê‡∂±‡∑ì‡∂∏ ‡∂ö‡∑î‡∂∏‡∂± ‡∂Ö‡∑Ä‡∑É‡∑ä‡∂Æ‡∑è‡∑Ä‡∑ö‡∂Ø‡∑ì‡∂Ø?# ‡∂∏‡∑ù‡∂∫‡∑í‡∂Ç‡∑Ñ‡∑Ä‡∑î‡∑É‡∑ä,1
‡∂Ø‡∑ê‡∂±‡∂ß ‡∑É‡∑É‡∂∏‡∑ä‡∂∑‡∑è‡∑Ä‡∑ì-‡∂¢‡∂ª‡∑è‡∑Ä ‡∂á‡∑É‡∑î‡∂ª‡∑î‡∂∏‡∑ä ‡∂ö‡∑í‡∂ª‡∑ì‡∂∏‡∑ö ‡∂Ö‡∑Ä‡∂∞‡∑í‡∂∫‡∑ö ‡∂Ø‡∑ê‡∂±‡∂ß ‡∑É‡∑ú‡∂∫‡∂± ‡∂¥‡∑ô‡∂ß‡∑ä‡∂ß‡∑í ‡∑Ä‡∂Ω.‡∂∏‡∂∏ ‡∑Ñ‡∑í‡∂≠‡∂±‡∑ä‡∂±‡∑ö ‡∂∏‡∂∏ ‡∑Ä‡∑ê‡∑É‡∑í‡∂ö‡∑í‡∑Ö‡∑í ‡∑Ñ‡∑ù‡∂©‡∂ª‡∂∫‡∑ô‡∂ö‡∑ä ...,1
"‡∂ã‡∂∫‡∂±‡∑ä‡∂±‡∂ß ‡∂ö‡∂ª‡∂Ø‡∂ª ‡∑Ä‡∑í‡∂∫ ‡∂±‡∑ú‡∑Ñ‡∑ê‡∂ö, üòÅüëçüèº #lazy ‡∂Ü‡∂ö‡∑è‡∂ª‡∂∫‡∂ß ‡∂ª‡∑ê‡∂ú‡∑ô‡∂± ‡∂∫‡∂±‡∑ä‡∂±",1
RT @itventsNews: ITV :://t.co/mc8ive72zr ‡∑Ñ‡∑í ‡∂Ö‡∑Ä‡∑É‡∑è‡∂± ‡∂≠‡∂ª‡∂ü‡∑è‡∑Ä‡∂Ω‡∑í‡∂∫ ‡∑É‡∂≥‡∑Ñ‡∑è ‡∂¥‡∑ä‡∂ª‡∑Ä‡∂ª‡∑ä‡∂∞‡∂± ‡∑Ä‡∑ì‡∂©‡∑í‡∂∫‡∑ù‡∑Ä http://t.co/mc8ive72zr http://t.co/cfbkrrvjis,1
"... ‡∂∏‡∂ß ‡∂ï‡∂±‡∑ë‡∑Ä‡∂ß ‡∑Ä‡∂©‡∑è ‡∂Ø‡∑ö‡∑Ä‡∂Ω‡∑ä ‡∂≠‡∑í‡∂∂‡∑ö.‡∂∏‡∑è‡∂ª‡∑ä‡∂ú‡∂∫, ‡∂∏‡∑è‡∂ª‡∑ä‡∂ú‡∂∫ ‡∂ï‡∂±‡∑ë‡∑Ä‡∂ß ‡∑Ä‡∂©‡∑è # ‡∂∏‡∑ù‡∂∫‡∑í‡∂Ç‡∑Ñ‡∑Ä‡∑î‡∑É‡∑ä",1
